Date,Adj Close,Close,High,Low,Open,Volume
2017-04-06,20662.94921875,20662.94921875,20746.4609375,20612.169921875,20653.76953125,251720000
2017-04-07,20656.099609375,20656.099609375,20726.0703125,20606.94921875,20647.810546875,219730000
2017-04-10,20658.01953125,20658.01953125,20750.330078125,20614.859375,20668.220703125,230480000
2017-04-11,20651.30078125,20651.30078125,20660.029296875,20512.560546875,20644.3203125,255120000
2017-04-12,20591.859375,20591.859375,20642.5390625,20553.029296875,20637.94921875,267670000
2017-04-13,20453.25,20453.25,20612.26953125,20453.25,20561.689453125,235810000
2017-04-17,20636.919921875,20636.919921875,20644.41015625,20484.75,20484.75,229240000
2017-04-18,20523.279296875,20523.279296875,20600.119140625,20462.279296875,20561.390625,263180000
2017-04-19,20404.490234375,20404.490234375,20546.689453125,20379.55078125,20503.51953125,294790000
2017-04-20,20578.7109375,20578.7109375,20629.779296875,20406.6796875,20406.6796875,312440000
2017-04-21,20547.759765625,20547.759765625,20601.400390625,20505.330078125,20578.099609375,369600000
2017-04-24,20763.890625,20763.890625,20792.19921875,20723.58984375,20723.58984375,342400000
2017-04-25,20996.119140625,20996.119140625,21026.970703125,20909.380859375,20915.509765625,348180000
2017-04-26,20975.08984375,20975.08984375,21070.900390625,20972.26953125,21009.94921875,328550000
2017-04-27,20981.330078125,20981.330078125,21005.80078125,20935.80078125,20991.119140625,305690000
2017-04-28,20940.509765625,20940.509765625,20987.759765625,20926.75,20987.390625,329990000
2017-05-01,20913.4609375,20913.4609375,20976.619140625,20898.380859375,20962.73046875,288160000
2017-05-02,20949.890625,20949.890625,20960.919921875,20904.060546875,20941.189453125,338810000
2017-05-03,20957.900390625,20957.900390625,20972.740234375,20874.1796875,20915.0,310920000
2017-05-04,20951.470703125,20951.470703125,20990.7890625,20847.94921875,20987.830078125,274720000
2017-05-05,21006.939453125,21006.939453125,21006.939453125,20905.0,20929.0390625,260960000
2017-05-08,21012.279296875,21012.279296875,21017.890625,20971.05078125,20991.259765625,276150000
2017-05-09,20975.779296875,20975.779296875,21046.849609375,20938.0390625,21022.279296875,273000000
2017-05-10,20943.109375,20943.109375,20976.279296875,20884.150390625,20958.490234375,283340000
2017-05-11,20919.419921875,20919.419921875,20933.359375,20798.900390625,20925.720703125,287680000
2017-05-12,20896.609375,20896.609375,20916.099609375,20869.740234375,20893.189453125,288500000
2017-05-15,20981.939453125,20981.939453125,21000.830078125,20923.630859375,20923.630859375,313170000
2017-05-16,20979.75,20979.75,21033.529296875,20932.880859375,20984.48046875,311580000
2017-05-17,20606.9296875,20606.9296875,20846.169921875,20601.080078125,20846.169921875,423200000
2017-05-18,20663.01953125,20663.01953125,20759.19921875,20553.44921875,20579.650390625,422590000
2017-05-19,20804.83984375,20804.83984375,20857.130859375,20687.939453125,20698.279296875,365180000
2017-05-22,20894.830078125,20894.830078125,20914.259765625,20860.16015625,20867.76953125,276120000
2017-05-23,20937.91015625,20937.91015625,20961.140625,20896.220703125,20908.669921875,244950000
2017-05-24,21012.419921875,21012.419921875,21022.8203125,20933.580078125,20949.2109375,283180000
2017-05-25,21082.94921875,21082.94921875,21112.3203125,21051.41015625,21062.9609375,268970000
2017-05-26,21080.279296875,21080.279296875,21092.8203125,21050.490234375,21070.150390625,208000000
2017-05-30,21029.470703125,21029.470703125,21063.619140625,21009.599609375,21045.490234375,242810000
2017-05-31,21008.650390625,21008.650390625,21051.69921875,20942.5703125,21048.4609375,371580000
2017-06-01,21144.1796875,21144.1796875,21144.1796875,20994.220703125,21030.55078125,276730000
2017-06-02,21206.2890625,21206.2890625,21225.0390625,21129.560546875,21142.08984375,329700000
2017-06-05,21184.0390625,21184.0390625,21224.41015625,21168.689453125,21195.029296875,269790000
2017-06-06,21136.23046875,21136.23046875,21180.470703125,21118.4609375,21145.48046875,283550000
2017-06-07,21173.689453125,21173.689453125,21189.83984375,21113.310546875,21171.5703125,273400000
2017-06-08,21182.529296875,21182.529296875,21265.689453125,21138.16015625,21169.759765625,330330000
2017-06-09,21271.970703125,21271.970703125,21305.349609375,21159.44921875,21208.9609375,397200000
2017-06-12,21235.669921875,21235.669921875,21277.080078125,21186.150390625,21259.94921875,528080000
2017-06-13,21328.470703125,21328.470703125,21332.76953125,21256.830078125,21256.830078125,323510000
2017-06-14,21374.560546875,21374.560546875,21391.970703125,21294.08984375,21342.7109375,295090000
2017-06-15,21359.900390625,21359.900390625,21367.279296875,21261.869140625,21291.689453125,317200000
2017-06-16,21384.279296875,21384.279296875,21384.419921875,21308.009765625,21335.9296875,603260000
2017-06-19,21528.990234375,21528.990234375,21528.990234375,21436.080078125,21444.75,289400000
2017-06-20,21467.140625,21467.140625,21535.029296875,21464.240234375,21521.25,310200000
2017-06-21,21410.029296875,21410.029296875,21492.619140625,21390.0,21466.390625,292500000
2017-06-22,21397.2890625,21397.2890625,21456.470703125,21394.810546875,21407.98046875,270680000
2017-06-23,21394.759765625,21394.759765625,21421.7890625,21333.890625,21380.919921875,368400000
2017-06-26,21409.55078125,21409.55078125,21506.2109375,21381.25,21434.6796875,241880000
2017-06-27,21310.66015625,21310.66015625,21440.599609375,21310.66015625,21411.189453125,292170000
2017-06-28,21454.609375,21454.609375,21478.75,21372.359375,21372.359375,271510000
2017-06-29,21287.029296875,21287.029296875,21487.380859375,21197.080078125,21487.380859375,336750000
2017-06-30,21349.630859375,21349.630859375,21426.119140625,21325.080078125,21348.599609375,313260000
2017-07-03,21479.26953125,21479.26953125,21562.75,21391.7109375,21392.30078125,186810000
2017-07-05,21478.169921875,21478.169921875,21505.359375,21404.759765625,21492.830078125,273690000
2017-07-06,21320.0390625,21320.0390625,21433.099609375,21305.380859375,21423.9296875,320450000
2017-07-07,21414.33984375,21414.33984375,21425.8203125,21350.720703125,21354.66015625,242240000
2017-07-10,21408.51953125,21408.51953125,21446.390625,21371.109375,21381.23046875,270340000
2017-07-11,21409.0703125,21409.0703125,21441.619140625,21279.30078125,21410.169921875,247570000
2017-07-12,21532.140625,21532.140625,21580.7890625,21467.9296875,21467.9296875,267870000
2017-07-13,21553.08984375,21553.08984375,21568.720703125,21512.359375,21537.189453125,232270000
2017-07-14,21637.740234375,21637.740234375,21681.529296875,21521.720703125,21532.76953125,235590000
2017-07-17,21629.720703125,21629.720703125,21661.810546875,21617.66015625,21633.970703125,244780000
2017-07-18,21574.73046875,21574.73046875,21589.939453125,21471.140625,21589.939453125,251110000
2017-07-19,21640.75,21640.75,21640.75,21565.83984375,21569.25,253040000
2017-07-20,21611.779296875,21611.779296875,21661.91015625,21576.9609375,21641.5390625,313950000
2017-07-21,21580.0703125,21580.0703125,21592.609375,21503.779296875,21591.720703125,362830000
2017-07-24,21513.169921875,21513.169921875,21577.779296875,21496.130859375,21577.779296875,284080000
2017-07-25,21613.4296875,21613.4296875,21670.619140625,21577.369140625,21638.560546875,304300000
2017-07-26,21711.009765625,21711.009765625,21742.69921875,21683.2890625,21690.380859375,278240000
2017-07-27,21796.55078125,21796.55078125,21798.470703125,21687.849609375,21717.419921875,407320000
2017-07-28,21830.310546875,21830.310546875,21841.1796875,21756.119140625,21787.509765625,285630000
2017-07-31,21891.119140625,21891.119140625,21929.80078125,21861.7109375,21863.390625,307610000
2017-08-01,21963.919921875,21963.919921875,21990.9609375,21940.810546875,21961.419921875,328410000
2017-08-02,22016.240234375,22016.240234375,22036.099609375,21967.4609375,22004.359375,336820000
2017-08-03,22026.099609375,22026.099609375,22044.849609375,21991.3203125,22007.580078125,278730000
2017-08-04,22092.810546875,22092.810546875,22092.810546875,22024.640625,22058.390625,253640000
2017-08-07,22118.419921875,22118.419921875,22121.150390625,22081.970703125,22100.19921875,213010000
2017-08-08,22085.33984375,22085.33984375,22179.109375,22057.2890625,22095.140625,262000000
2017-08-09,22048.69921875,22048.69921875,22057.189453125,21996.689453125,22022.33984375,277800000
2017-08-10,21844.009765625,21844.009765625,21988.19921875,21843.939453125,21988.19921875,303310000
2017-08-11,21858.3203125,21858.3203125,21911.08984375,21842.740234375,21883.3203125,237790000
2017-08-14,21993.7109375,21993.7109375,22019.23046875,21945.640625,21945.640625,235030000
2017-08-15,21998.990234375,21998.990234375,22038.919921875,21971.48046875,22029.91015625,269070000
2017-08-16,22024.869140625,22024.869140625,22085.7109375,22002.470703125,22031.9296875,264920000
2017-08-17,21750.73046875,21750.73046875,21984.740234375,21750.3203125,21984.740234375,311030000
2017-08-18,21674.509765625,21674.509765625,21793.349609375,21641.630859375,21724.880859375,309070000
2017-08-21,21703.75,21703.75,21718.740234375,21600.33984375,21671.359375,277880000
2017-08-22,21899.890625,21899.890625,21912.830078125,21738.130859375,21739.779296875,244980000
2017-08-23,21812.08984375,21812.08984375,21866.66015625,21808.390625,21850.26953125,234810000
2017-08-24,21783.400390625,21783.400390625,21870.109375,21765.8203125,21839.900390625,228480000
2017-08-25,21813.669921875,21813.669921875,21906.859375,21812.810546875,21819.080078125,217570000
2017-08-28,21808.400390625,21808.400390625,21861.490234375,21767.939453125,21832.5,218740000
2017-08-29,21865.369140625,21865.369140625,21879.220703125,21673.580078125,21718.0,227340000
2017-08-30,21892.4296875,21892.4296875,21914.259765625,21839.470703125,21859.759765625,242840000
2017-08-31,21948.099609375,21948.099609375,21985.759765625,21910.5,21936.009765625,376790000
2017-09-01,21987.560546875,21987.560546875,22038.970703125,21974.91015625,21981.76953125,256240000
2017-09-05,21753.310546875,21753.310546875,21921.08984375,21709.630859375,21912.369140625,332840000
2017-09-06,21807.640625,21807.640625,21849.240234375,21794.0703125,21815.759765625,318760000
2017-09-07,21784.779296875,21784.779296875,21850.009765625,21745.7109375,21820.380859375,333810000
2017-09-08,21797.7890625,21797.7890625,21846.630859375,21731.119140625,21764.4296875,289400000
2017-09-11,22057.369140625,22057.369140625,22067.099609375,21927.7890625,21927.7890625,312770000
2017-09-12,22118.859375,22118.859375,22134.5703125,22087.08984375,22090.560546875,364580000
2017-09-13,22158.1796875,22158.1796875,22158.1796875,22095.7890625,22103.470703125,291890000
2017-09-14,22203.48046875,22203.48046875,22216.439453125,22135.259765625,22144.9609375,297780000
2017-09-15,22268.33984375,22268.33984375,22275.01953125,22214.51953125,22252.439453125,527540000
2017-09-18,22331.349609375,22331.349609375,22355.619140625,22283.349609375,22297.919921875,302740000
2017-09-19,22370.80078125,22370.80078125,22386.009765625,22340.7109375,22349.69921875,295570000
2017-09-20,22412.58984375,22412.58984375,22413.259765625,22314.6796875,22351.380859375,334560000
2017-09-21,22359.23046875,22359.23046875,22419.509765625,22356.55078125,22414.01953125,287390000
2017-09-22,22349.58984375,22349.58984375,22364.310546875,22299.580078125,22334.0703125,297140000
2017-09-25,22296.08984375,22296.08984375,22359.880859375,22219.109375,22320.470703125,332430000
2017-09-26,22284.3203125,22284.3203125,22369.349609375,22279.51953125,22322.029296875,285990000
2017-09-27,22340.7109375,22340.7109375,22371.099609375,22254.9296875,22330.9296875,342900000
2017-09-28,22381.19921875,22381.19921875,22394.740234375,22288.970703125,22306.830078125,263010000
2017-09-29,22405.08984375,22405.08984375,22405.630859375,22332.9609375,22358.470703125,274790000
2017-10-02,22557.599609375,22557.599609375,22559.380859375,22416.0,22423.470703125,268530000
2017-10-03,22641.669921875,22641.669921875,22646.3203125,22562.900390625,22564.44921875,238830000
2017-10-04,22661.640625,22661.640625,22685.939453125,22632.80078125,22645.669921875,235730000
2017-10-05,22775.390625,22775.390625,22777.0390625,22655.140625,22669.080078125,246400000
2017-10-06,22773.669921875,22773.669921875,22773.669921875,22730.849609375,22762.029296875,221450000
2017-10-09,22761.0703125,22761.0703125,22803.369140625,22739.380859375,22779.73046875,310770000
2017-10-10,22830.6796875,22830.6796875,22850.509765625,22770.990234375,22784.759765625,319270000
2017-10-11,22872.890625,22872.890625,22872.890625,22821.66015625,22827.650390625,316000000
2017-10-12,22841.009765625,22841.009765625,22884.8203125,22821.130859375,22854.849609375,291790000
2017-10-13,22871.720703125,22871.720703125,22905.330078125,22855.9296875,22876.4296875,259560000
2017-10-16,22956.9609375,22956.9609375,22960.119140625,22887.119140625,22892.919921875,247180000
2017-10-17,22997.439453125,22997.439453125,23002.19921875,22948.23046875,22952.41015625,273090000
2017-10-18,23157.599609375,23157.599609375,23172.9296875,23086.75,23087.130859375,271870000
2017-10-19,23163.0390625,23163.0390625,23167.240234375,23052.669921875,23107.470703125,350400000
2017-10-20,23328.630859375,23328.630859375,23328.83984375,23201.779296875,23205.1796875,474380000
2017-10-23,23273.9609375,23273.9609375,23368.369140625,23273.9609375,23348.94921875,456830000
2017-10-24,23441.759765625,23441.759765625,23485.25,23343.23046875,23346.779296875,406850000
2017-10-25,23329.4609375,23329.4609375,23451.509765625,23251.109375,23431.08984375,399560000
2017-10-26,23400.859375,23400.859375,23459.83984375,23380.890625,23380.890625,370600000
2017-10-27,23434.189453125,23434.189453125,23449.400390625,23353.16015625,23419.16015625,518870000
2017-10-30,23348.740234375,23348.740234375,23428.75,23327.869140625,23405.75,436900000
2017-10-31,23377.240234375,23377.240234375,23406.349609375,23334.390625,23369.220703125,388050000
2017-11-01,23435.009765625,23435.009765625,23517.7109375,23388.91015625,23442.900390625,361260000
2017-11-02,23516.259765625,23516.259765625,23531.380859375,23350.98046875,23463.240234375,348040000
2017-11-03,23539.189453125,23539.189453125,23557.060546875,23481.5703125,23549.58984375,312250000
2017-11-06,23548.419921875,23548.419921875,23574.859375,23520.75,23533.9609375,325190000
2017-11-07,23557.23046875,23557.23046875,23602.119140625,23484.189453125,23574.029296875,285080000
2017-11-08,23563.359375,23563.359375,23575.0,23510.560546875,23542.599609375,264670000
2017-11-09,23461.939453125,23461.939453125,23516.740234375,23310.01953125,23492.08984375,305440000
2017-11-10,23422.2109375,23422.2109375,23452.19921875,23392.9609375,23432.7109375,351280000
2017-11-13,23439.69921875,23439.69921875,23461.6796875,23343.33984375,23367.470703125,491260000
2017-11-14,23409.470703125,23409.470703125,23414.080078125,23271.5703125,23388.400390625,561330000
2017-11-15,23271.279296875,23271.279296875,23344.990234375,23242.75,23334.58984375,404300000
2017-11-16,23458.359375,23458.359375,23492.189453125,23365.33984375,23365.33984375,402020000
2017-11-17,23358.240234375,23358.240234375,23433.76953125,23356.009765625,23433.76953125,386000000
2017-11-20,23430.330078125,23430.330078125,23456.880859375,23360.580078125,23370.7109375,315330000
2017-11-21,23590.830078125,23590.830078125,23617.80078125,23500.150390625,23500.150390625,329650000
2017-11-22,23526.1796875,23526.1796875,23605.76953125,23507.609375,23597.240234375,268760000
2017-11-24,23557.990234375,23557.990234375,23599.1796875,23551.58984375,23552.75,118610000
2017-11-27,23580.779296875,23580.779296875,23638.919921875,23545.01953125,23552.859375,296320000
2017-11-28,23836.7109375,23836.7109375,23849.609375,23617.109375,23625.189453125,319240000
2017-11-29,23940.6796875,23940.6796875,23959.759765625,23872.58984375,23883.259765625,401410000
2017-11-30,24272.349609375,24272.349609375,24327.8203125,24013.80078125,24013.80078125,488200000
2017-12-01,24231.58984375,24231.58984375,24322.060546875,23921.900390625,24305.400390625,417910000
2017-12-04,24290.05078125,24290.05078125,24534.0390625,24288.189453125,24424.109375,424250000
2017-12-05,24180.640625,24180.640625,24349.740234375,24155.279296875,24335.009765625,371190000
2017-12-06,24140.91015625,24140.91015625,24229.349609375,24134.490234375,24171.900390625,312720000
2017-12-07,24211.48046875,24211.48046875,24262.880859375,24101.240234375,24116.599609375,319060000
2017-12-08,24329.16015625,24329.16015625,24330.119140625,24225.5,24263.259765625,293590000
2017-12-11,24386.029296875,24386.029296875,24389.720703125,24314.740234375,24338.109375,300580000
2017-12-12,24504.80078125,24504.80078125,24552.970703125,24443.830078125,24452.9609375,342220000
2017-12-13,24585.4296875,24585.4296875,24666.01953125,24518.30078125,24525.189453125,325280000
2017-12-14,24508.66015625,24508.66015625,24672.48046875,24508.66015625,24631.009765625,314780000
2017-12-15,24651.740234375,24651.740234375,24688.619140625,24584.439453125,24585.7109375,635740000
2017-12-18,24792.19921875,24792.19921875,24876.0703125,24739.560546875,24739.560546875,354880000
2017-12-19,24754.75,24754.75,24850.109375,24715.599609375,24834.380859375,335330000
2017-12-20,24726.650390625,24726.650390625,24852.439453125,24697.109375,24838.08984375,341790000
2017-12-21,24782.2890625,24782.2890625,24850.91015625,24766.26953125,24778.259765625,339530000
2017-12-22,24754.060546875,24754.060546875,24784.150390625,24717.509765625,24764.0390625,255140000
2017-12-26,24746.2109375,24746.2109375,24778.130859375,24708.419921875,24715.83984375,208290000
2017-12-27,24774.30078125,24774.30078125,24789.51953125,24731.6796875,24766.51953125,225890000
2017-12-28,24837.509765625,24837.509765625,24839.23046875,24797.130859375,24807.2109375,200960000
2017-12-29,24719.220703125,24719.220703125,24871.66015625,24719.220703125,24849.630859375,270760000
2018-01-02,24824.009765625,24824.009765625,24864.189453125,24741.69921875,24809.349609375,341130000
2018-01-03,24922.6796875,24922.6796875,24941.919921875,24825.55078125,24850.44921875,456790000
2018-01-04,25075.130859375,25075.130859375,25105.9609375,24963.26953125,24964.859375,403280000
2018-01-05,25295.869140625,25295.869140625,25299.7890625,25112.009765625,25114.919921875,358020000
2018-01-08,25283.0,25283.0,25311.990234375,25235.41015625,25308.400390625,341390000
2018-01-09,25385.80078125,25385.80078125,25439.779296875,25308.41015625,25312.05078125,333490000
2018-01-10,25369.130859375,25369.130859375,25404.919921875,25256.990234375,25348.130859375,341470000
2018-01-11,25574.73046875,25574.73046875,25575.419921875,25396.189453125,25398.599609375,346830000
2018-01-12,25803.189453125,25803.189453125,25810.4296875,25633.080078125,25638.390625,376390000
2018-01-16,25792.859375,25792.859375,26086.119140625,25702.990234375,25987.619140625,606520000
2018-01-17,26115.650390625,26115.650390625,26130.44921875,25865.01953125,25910.779296875,522720000
2018-01-18,26017.810546875,26017.810546875,26153.419921875,25947.3203125,26149.55078125,492780000
2018-01-19,26071.720703125,26071.720703125,26071.720703125,25942.830078125,25987.349609375,585000000
2018-01-22,26214.599609375,26214.599609375,26215.23046875,25974.650390625,26025.3203125,431200000
2018-01-23,26210.810546875,26210.810546875,26246.189453125,26143.900390625,26214.869140625,433490000
2018-01-24,26252.119140625,26252.119140625,26392.80078125,26106.939453125,26282.0703125,518790000
2018-01-25,26392.7890625,26392.7890625,26458.25,26259.720703125,26313.060546875,401390000
2018-01-26,26616.7109375,26616.7109375,26616.7109375,26425.349609375,26466.740234375,477780000
2018-01-29,26439.48046875,26439.48046875,26608.900390625,26435.33984375,26584.279296875,421000000
2018-01-30,26076.890625,26076.890625,26256.990234375,26028.419921875,26198.44921875,448330000
2018-01-31,26149.390625,26149.390625,26338.029296875,26050.98046875,26268.169921875,479130000
2018-02-01,26186.7109375,26186.7109375,26306.69921875,26014.439453125,26083.0390625,410620000
2018-02-02,25520.9609375,25520.9609375,26061.7890625,25490.66015625,26061.7890625,522880000
2018-02-05,24345.75,24345.75,25520.529296875,23923.880859375,25337.869140625,714450000
2018-02-06,24912.76953125,24912.76953125,24946.23046875,23778.740234375,24085.169921875,823940000
2018-02-07,24893.349609375,24893.349609375,25293.9609375,24785.439453125,24892.869140625,504620000
2018-02-08,23860.4609375,23860.4609375,24903.6796875,23849.23046875,24902.30078125,657500000
2018-02-09,24190.900390625,24190.900390625,24382.140625,23360.2890625,23992.669921875,735030000
2018-02-12,24601.26953125,24601.26953125,24765.16015625,24290.48046875,24337.759765625,496610000
2018-02-13,24640.44921875,24640.44921875,24705.720703125,24421.029296875,24540.330078125,374410000
2018-02-14,24893.490234375,24893.490234375,24925.94921875,24490.359375,24535.8203125,431160000
2018-02-15,25200.369140625,25200.369140625,25203.94921875,24809.419921875,25047.8203125,416780000
2018-02-16,25219.380859375,25219.380859375,25432.419921875,25149.259765625,25165.939453125,406730000
2018-02-20,24964.75,24964.75,25179.009765625,24884.189453125,25124.91015625,421510000
2018-02-21,24797.779296875,24797.779296875,25267.990234375,24792.990234375,24988.060546875,456070000
2018-02-22,24962.48046875,24962.48046875,25156.720703125,24854.830078125,24855.41015625,378900000
2018-02-23,25309.990234375,25309.990234375,25313.91015625,25028.73046875,25050.509765625,335420000
2018-02-26,25709.26953125,25709.26953125,25732.80078125,25398.560546875,25403.349609375,473360000
2018-02-27,25410.029296875,25410.029296875,25800.349609375,25407.830078125,25735.779296875,438390000
2018-02-28,25029.19921875,25029.19921875,25576.150390625,25022.419921875,25485.150390625,451870000
2018-03-01,24608.98046875,24608.98046875,25185.349609375,24442.560546875,25024.0390625,506280000
2018-03-02,24538.060546875,24538.060546875,24592.4609375,24217.759765625,24394.91015625,437130000
2018-03-05,24874.759765625,24874.759765625,24961.0,24387.150390625,24471.310546875,383910000
2018-03-06,24884.119140625,24884.119140625,24995.240234375,24708.41015625,24965.890625,331770000
2018-03-07,24801.359375,24801.359375,24849.6796875,24535.119140625,24758.150390625,394070000
2018-03-08,24895.2109375,24895.2109375,24950.490234375,24703.05078125,24853.41015625,327300000
2018-03-09,25335.740234375,25335.740234375,25336.330078125,25004.890625,25004.890625,371570000
2018-03-12,25178.609375,25178.609375,25449.150390625,25152.01953125,25372.439453125,362580000
2018-03-13,25007.029296875,25007.029296875,25376.400390625,24947.5,25257.75,447880000
2018-03-14,24758.119140625,24758.119140625,25130.119140625,24668.830078125,25086.970703125,356830000
2018-03-15,24873.66015625,24873.66015625,25053.869140625,24753.2890625,24837.2890625,316310000
2018-03-16,24946.509765625,24946.509765625,25031.0,24857.08984375,24877.33984375,654240000
2018-03-19,24610.91015625,24610.91015625,24893.689453125,24453.140625,24893.689453125,377990000
2018-03-20,24727.26953125,24727.26953125,24803.609375,24650.640625,24650.640625,342510000
2018-03-21,24682.310546875,24682.310546875,24977.650390625,24655.400390625,24723.490234375,343230000
2018-03-22,23957.890625,23957.890625,24526.009765625,23938.740234375,24526.009765625,439280000
2018-03-23,23533.19921875,23533.19921875,24108.470703125,23509.060546875,23995.1796875,482550000
2018-03-26,24202.599609375,24202.599609375,24232.30078125,23741.220703125,23825.740234375,479540000
2018-03-27,23857.7109375,23857.7109375,24446.220703125,23708.73046875,24276.619140625,524480000
2018-03-28,23848.419921875,23848.419921875,24092.470703125,23728.669921875,23883.080078125,530040000
2018-03-29,24103.109375,24103.109375,24314.30078125,23928.130859375,23949.1796875,463550000
2018-04-02,23644.189453125,23644.189453125,24123.80078125,23344.51953125,24076.599609375,509820000
2018-04-03,24033.359375,24033.359375,24044.349609375,23664.330078125,23698.330078125,394130000
2018-04-04,24264.30078125,24264.30078125,24308.9609375,23523.16015625,23654.150390625,388540000
2018-04-05,24505.220703125,24505.220703125,24622.259765625,24313.91015625,24313.91015625,347790000
2018-04-06,23932.759765625,23932.759765625,24434.400390625,23738.19921875,24373.599609375,395990000
2018-04-09,23979.099609375,23979.099609375,24373.1796875,23954.830078125,24037.51953125,380790000
2018-04-10,24408.0,24408.0,24511.349609375,24198.94921875,24198.94921875,368590000
2018-04-11,24189.44921875,24189.44921875,24366.5703125,24150.869140625,24274.189453125,286360000
2018-04-12,24483.05078125,24483.05078125,24592.119140625,24302.8203125,24302.8203125,336130000
2018-04-13,24360.140625,24360.140625,24646.44921875,24243.740234375,24582.8203125,331890000
2018-04-16,24573.0390625,24573.0390625,24675.359375,24480.19921875,24483.150390625,305070000
2018-04-17,24786.630859375,24786.630859375,24858.970703125,24681.7890625,24681.7890625,342410000
2018-04-18,24748.0703125,24748.0703125,24832.5390625,24721.08984375,24820.849609375,302030000
2018-04-19,24664.890625,24664.890625,24762.48046875,24557.029296875,24711.30078125,381110000
2018-04-20,24462.939453125,24462.939453125,24678.0703125,24375.0390625,24657.390625,537770000
2018-04-23,24448.689453125,24448.689453125,24536.890625,24328.5390625,24488.0703125,351030000
2018-04-24,24024.130859375,24024.130859375,24579.939453125,23828.73046875,24579.939453125,468180000
2018-04-25,24083.830078125,24083.830078125,24146.33984375,23823.080078125,24070.19921875,437100000
2018-04-26,24322.33984375,24322.33984375,24402.4609375,24128.720703125,24128.720703125,390360000
2018-04-27,24311.189453125,24311.189453125,24359.380859375,24194.44921875,24342.140625,392810000
2018-04-30,24163.150390625,24163.150390625,24498.23046875,24163.080078125,24410.41015625,416650000
2018-05-01,24099.05078125,24099.05078125,24117.2890625,23808.189453125,24117.2890625,380070000
2018-05-02,23924.98046875,23924.98046875,24185.51953125,23886.30078125,24097.630859375,385350000
2018-05-03,23930.150390625,23930.150390625,23996.150390625,23531.310546875,23836.23046875,389240000
2018-05-04,24262.509765625,24262.509765625,24333.349609375,23778.869140625,23865.220703125,329480000
2018-05-07,24357.3203125,24357.3203125,24479.44921875,24263.419921875,24317.66015625,307670000
2018-05-08,24360.2109375,24360.2109375,24412.33984375,24198.33984375,24341.349609375,344940000
2018-05-09,24542.5390625,24542.5390625,24586.48046875,24323.869140625,24399.1796875,361580000
2018-05-10,24739.529296875,24739.529296875,24794.990234375,24575.91015625,24591.66015625,304210000
2018-05-11,24831.169921875,24831.169921875,24868.650390625,24717.5,24758.640625,274150000
2018-05-14,24899.41015625,24899.41015625,24994.189453125,24862.51953125,24879.369140625,282860000
2018-05-15,24706.41015625,24706.41015625,24809.55078125,24629.390625,24809.55078125,301900000
2018-05-16,24768.9296875,24768.9296875,24801.189453125,24672.7890625,24722.3203125,280810000
2018-05-17,24713.98046875,24713.98046875,24839.490234375,24639.400390625,24752.400390625,314650000
2018-05-18,24715.08984375,24715.08984375,24774.970703125,24664.869140625,24707.720703125,269700000
2018-05-21,25013.2890625,25013.2890625,25086.490234375,24883.060546875,24883.060546875,308920000
2018-05-22,24834.41015625,24834.41015625,25064.990234375,24812.060546875,25047.55078125,288200000
2018-05-23,24886.810546875,24886.810546875,24889.4609375,24667.119140625,24757.7109375,399610000
2018-05-24,24811.759765625,24811.759765625,24877.359375,24605.900390625,24877.359375,347050000
2018-05-25,24753.08984375,24753.08984375,24824.220703125,24687.810546875,24781.2890625,257210000
2018-05-29,24361.44921875,24361.44921875,24635.1796875,24247.83984375,24606.58984375,395810000
2018-05-30,24667.779296875,24667.779296875,24714.48046875,24459.08984375,24467.830078125,324870000
2018-05-31,24415.83984375,24415.83984375,24620.7890625,24352.150390625,24620.7890625,429740000
2018-06-01,24635.2109375,24635.2109375,24673.599609375,24542.08984375,24542.08984375,315710000
2018-06-04,24813.689453125,24813.689453125,24859.369140625,24722.140625,24727.55078125,340400000
2018-06-05,24799.98046875,24799.98046875,24838.779296875,24710.8203125,24820.119140625,306340000
2018-06-06,25146.390625,25146.390625,25146.4609375,24854.140625,24854.140625,316090000
2018-06-07,25241.41015625,25241.41015625,25326.08984375,25164.48046875,25192.140625,357680000
2018-06-08,25316.529296875,25316.529296875,25325.630859375,25165.69921875,25209.2890625,317510000
2018-06-11,25322.310546875,25322.310546875,25402.830078125,25290.19921875,25336.669921875,276740000
2018-06-12,25320.73046875,25320.73046875,25364.369140625,25247.0390625,25346.8203125,265750000
2018-06-13,25201.19921875,25201.19921875,25362.0703125,25191.419921875,25328.650390625,329700000
2018-06-14,25175.310546875,25175.310546875,25332.5,25138.599609375,25254.650390625,341170000
2018-06-15,25090.48046875,25090.48046875,25130.8203125,24894.380859375,25116.7109375,659370000
2018-06-18,24987.470703125,24987.470703125,25003.099609375,24825.76953125,24944.279296875,337070000
2018-06-19,24700.2109375,24700.2109375,24763.58984375,24567.75,24763.58984375,376380000
2018-06-20,24657.80078125,24657.80078125,24804.759765625,24628.390625,24771.169921875,359520000
2018-06-21,24461.69921875,24461.69921875,24639.2109375,24406.630859375,24639.2109375,349570000
2018-06-22,24580.890625,24580.890625,24663.1796875,24526.970703125,24526.970703125,473970000
2018-06-25,24252.80078125,24252.80078125,24463.73046875,24084.390625,24463.73046875,439130000
2018-06-26,24283.109375,24283.109375,24384.2109375,24241.220703125,24281.890625,301130000
2018-06-27,24117.58984375,24117.58984375,24569.01953125,24115.8203125,24303.109375,313790000
2018-06-28,24216.05078125,24216.05078125,24308.16015625,23997.2109375,24064.189453125,305020000
2018-06-29,24271.41015625,24271.41015625,24509.51953125,24269.7109375,24323.9296875,329070000
2018-07-02,24307.1796875,24307.1796875,24319.419921875,24077.560546875,24161.529296875,244110000
2018-07-03,24174.8203125,24174.8203125,24444.880859375,24150.849609375,24359.390625,160960000
2018-07-05,24356.740234375,24356.740234375,24372.80078125,24177.439453125,24285.8203125,237670000
2018-07-06,24456.48046875,24456.48046875,24520.2890625,24281.470703125,24352.470703125,219450000
2018-07-09,24776.58984375,24776.58984375,24796.51953125,24518.4296875,24519.19921875,240580000
2018-07-10,24919.66015625,24919.66015625,24945.380859375,24806.970703125,24806.970703125,235040000
2018-07-11,24700.44921875,24700.44921875,24815.16015625,24663.8203125,24789.48046875,237370000
2018-07-12,24924.890625,24924.890625,24939.970703125,24802.900390625,24802.900390625,233150000
2018-07-13,25019.41015625,25019.41015625,25043.2109375,24890.060546875,24926.0703125,255520000
2018-07-16,25064.359375,25064.359375,25072.41015625,24979.640625,25025.580078125,231270000
2018-07-17,25119.890625,25119.890625,25155.390625,24989.609375,25033.919921875,250450000
2018-07-18,25199.2890625,25199.2890625,25215.3203125,25101.119140625,25133.7890625,252870000
2018-07-19,25064.5,25064.5,25154.169921875,25052.619140625,25139.150390625,285760000
2018-07-20,25058.119140625,25058.119140625,25124.099609375,24986.349609375,25041.140625,274080000
2018-07-23,25044.2890625,25044.2890625,25081.44921875,24983.330078125,25036.900390625,228820000
2018-07-24,25241.939453125,25241.939453125,25286.619140625,25092.4296875,25092.4296875,274940000
2018-07-25,25414.099609375,25414.099609375,25432.869140625,25113.55078125,25183.69921875,273670000
2018-07-26,25527.0703125,25527.0703125,25587.240234375,25463.16015625,25468.55078125,297530000
2018-07-27,25451.060546875,25451.060546875,25580.220703125,25370.0703125,25520.51953125,329680000
2018-07-30,25306.830078125,25306.830078125,25500.16015625,25287.380859375,25439.3203125,296880000
2018-07-31,25415.189453125,25415.189453125,25490.98046875,25345.2109375,25345.2109375,348700000
2018-08-01,25333.8203125,25333.8203125,25488.80078125,25278.3203125,25461.630859375,315880000
2018-08-02,25326.16015625,25326.16015625,25360.48046875,25120.0703125,25256.44921875,307700000
2018-08-03,25462.580078125,25462.580078125,25467.900390625,25325.169921875,25360.369140625,239020000
2018-08-06,25502.1796875,25502.1796875,25540.01953125,25381.380859375,25437.4296875,238990000
2018-08-07,25628.91015625,25628.91015625,25692.720703125,25551.650390625,25551.650390625,239910000
2018-08-08,25583.75,25583.75,25634.109375,25557.48046875,25615.720703125,217770000
2018-08-09,25509.23046875,25509.23046875,25613.310546875,25492.689453125,25589.7890625,214970000
2018-08-10,25313.140625,25313.140625,25401.189453125,25222.880859375,25401.189453125,234480000
2018-08-13,25187.69921875,25187.69921875,25381.390625,25153.9296875,25327.189453125,219990000
2018-08-14,25299.919921875,25299.919921875,25339.509765625,25201.869140625,25215.689453125,219210000
2018-08-15,25162.41015625,25162.41015625,25235.369140625,24965.76953125,25235.369140625,295810000
2018-08-16,25558.73046875,25558.73046875,25607.33984375,25294.970703125,25294.970703125,342430000
2018-08-17,25669.3203125,25669.3203125,25728.16015625,25521.66015625,25550.80078125,284160000
2018-08-20,25758.689453125,25758.689453125,25790.169921875,25716.41015625,25727.69921875,248570000
2018-08-21,25822.2890625,25822.2890625,25888.8203125,25784.900390625,25786.990234375,241620000
2018-08-22,25733.599609375,25733.599609375,25836.16015625,25722.4296875,25825.060546875,200480000
2018-08-23,25656.98046875,25656.98046875,25762.560546875,25608.01953125,25714.859375,213270000
2018-08-24,25790.349609375,25790.349609375,25826.05078125,25688.580078125,25688.580078125,200330000
2018-08-27,26049.640625,26049.640625,26067.5703125,25882.7109375,25882.7109375,220510000
2018-08-28,26064.01953125,26064.01953125,26122.240234375,26037.849609375,26092.69921875,211470000
2018-08-29,26124.5703125,26124.5703125,26167.939453125,26035.30078125,26082.529296875,214960000
2018-08-30,25986.919921875,25986.919921875,26104.369140625,25934.80078125,26099.009765625,240440000
2018-08-31,25964.8203125,25964.8203125,26028.830078125,25879.76953125,25964.849609375,273440000
2018-09-04,25952.48046875,25952.48046875,25971.76953125,25805.94921875,25916.0703125,254600000
2018-09-05,25974.990234375,25974.990234375,26011.220703125,25871.0390625,25919.83984375,289210000
2018-09-06,25995.869140625,25995.869140625,26073.6796875,25880.83984375,25973.01953125,262380000
2018-09-07,25916.5390625,25916.5390625,26002.990234375,25818.390625,25951.01953125,281350000
2018-09-10,25857.0703125,25857.0703125,26039.9609375,25854.130859375,25991.91015625,252170000
2018-09-11,25971.060546875,25971.060546875,26019.919921875,25754.3203125,25841.140625,265960000
2018-09-12,25998.919921875,25998.919921875,26145.720703125,25929.4296875,25989.0703125,282770000
2018-09-13,26145.990234375,26145.990234375,26191.640625,26067.080078125,26083.939453125,260800000
2018-09-14,26154.669921875,26154.669921875,26211.109375,26068.2890625,26169.560546875,228640000
2018-09-17,26062.119140625,26062.119140625,26184.470703125,26030.349609375,26151.66015625,230230000
2018-09-18,26246.9609375,26246.9609375,26317.33984375,26076.2109375,26076.2109375,243000000
2018-09-19,26405.759765625,26405.759765625,26464.41015625,26280.759765625,26287.83984375,251330000
2018-09-20,26656.98046875,26656.98046875,26697.490234375,26519.390625,26519.390625,260480000
2018-09-21,26743.5,26743.5,26769.16015625,26680.369140625,26726.25,657620000
2018-09-24,26562.05078125,26562.05078125,26709.939453125,26548.6796875,26705.25,254850000
2018-09-25,26492.2109375,26492.2109375,26634.849609375,26475.580078125,26601.580078125,234110000
2018-09-26,26385.279296875,26385.279296875,26606.08984375,26349.33984375,26536.859375,262620000
2018-09-27,26439.9296875,26439.9296875,26557.009765625,26379.94921875,26418.26953125,226350000
2018-09-28,26458.310546875,26458.310546875,26515.759765625,26383.5703125,26407.66015625,264030000
2018-10-01,26651.2109375,26651.2109375,26737.98046875,26596.05078125,26598.359375,238320000
2018-10-02,26773.939453125,26773.939453125,26824.779296875,26627.66015625,26648.91015625,258290000
2018-10-03,26828.390625,26828.390625,26951.810546875,26789.080078125,26833.470703125,280130000
2018-10-04,26627.48046875,26627.48046875,26793.8203125,26471.609375,26784.080078125,289600000
2018-10-05,26447.05078125,26447.05078125,26676.16015625,26301.810546875,26632.76953125,267100000
2018-10-08,26486.779296875,26486.779296875,26529.349609375,26223.08984375,26399.44921875,273020000
2018-10-09,26430.5703125,26430.5703125,26539.939453125,26324.16015625,26469.189453125,282560000
2018-10-10,25598.740234375,25598.740234375,26487.869140625,25567.099609375,26441.73046875,438200000
2018-10-11,25052.830078125,25052.830078125,25683.640625,24899.76953125,25518.390625,522880000
2018-10-12,25339.990234375,25339.990234375,25467.55078125,25000.830078125,25407.630859375,397510000
2018-10-15,25250.55078125,25250.55078125,25482.419921875,25243.880859375,25332.4609375,287320000
2018-10-16,25798.419921875,25798.419921875,25817.6796875,25351.529296875,25351.529296875,305800000
2018-10-17,25706.6796875,25706.6796875,25810.08984375,25479.16015625,25705.869140625,298210000
2018-10-18,25379.44921875,25379.44921875,25691.4609375,25236.009765625,25645.560546875,328020000
2018-10-19,25444.33984375,25444.33984375,25608.7109375,25350.01953125,25421.08984375,350810000
2018-10-22,25317.41015625,25317.41015625,25561.33984375,25236.05078125,25492.140625,314940000
2018-10-23,25191.4296875,25191.4296875,25307.69921875,24768.7890625,25038.4609375,436430000
2018-10-24,24583.419921875,24583.419921875,25306.23046875,24533.189453125,25172.880859375,496400000
2018-10-25,24984.55078125,24984.55078125,25104.2890625,24645.560546875,24736.5390625,439670000
2018-10-26,24688.310546875,24688.310546875,24916.16015625,24445.189453125,24770.25,505310000
2018-10-29,24442.919921875,24442.919921875,25040.580078125,24122.23046875,24818.98046875,443850000
2018-10-30,24874.640625,24874.640625,24906.6796875,24415.689453125,24482.0390625,470050000
2018-10-31,25115.759765625,25115.759765625,25336.55078125,25008.8203125,25008.8203125,448930000
2018-11-01,25380.740234375,25380.740234375,25396.470703125,25108.109375,25142.080078125,383970000
2018-11-02,25270.830078125,25270.830078125,25578.98046875,25078.720703125,25443.599609375,429480000
2018-11-05,25461.69921875,25461.69921875,25507.349609375,25261.470703125,25261.470703125,334740000
2018-11-06,25635.009765625,25635.009765625,25651.859375,25444.900390625,25452.830078125,265450000
2018-11-07,26180.30078125,26180.30078125,26200.140625,25765.880859375,25788.4609375,361780000
2018-11-08,26191.220703125,26191.220703125,26277.8203125,26081.900390625,26139.58984375,295650000
2018-11-09,25989.30078125,25989.30078125,26161.490234375,25882.91015625,26149.109375,324450000
2018-11-12,25387.1796875,25387.1796875,25966.7109375,25340.509765625,25959.330078125,346910000
2018-11-13,25286.490234375,25286.490234375,25511.029296875,25193.779296875,25321.2109375,339690000
2018-11-14,25080.5,25080.5,25501.2890625,24935.8203125,25388.080078125,384240000
2018-11-15,25289.26953125,25289.26953125,25354.560546875,24787.7890625,25061.48046875,392750000
2018-11-16,25413.220703125,25413.220703125,25510.23046875,25147.80078125,25242.349609375,354460000
2018-11-19,25017.439453125,25017.439453125,25392.609375,24900.98046875,25392.609375,358090000
2018-11-20,24465.640625,24465.640625,24707.259765625,24368.98046875,24618.6796875,445920000
2018-11-21,24464.689453125,24464.689453125,24669.7890625,24463.279296875,24541.650390625,289370000
2018-11-23,24285.94921875,24285.94921875,24408.80078125,24268.740234375,24336.400390625,155940000
2018-11-26,24640.240234375,24640.240234375,24673.2890625,24364.130859375,24364.130859375,306280000
2018-11-27,24748.73046875,24748.73046875,24750.73046875,24416.029296875,24557.01953125,308250000
2018-11-28,25366.4296875,25366.4296875,25368.9296875,24832.83984375,24832.83984375,362160000
2018-11-29,25338.83984375,25338.83984375,25479.0390625,25202.7890625,25343.650390625,305110000
2018-11-30,25538.4609375,25538.4609375,25549.7109375,25250.970703125,25307.140625,482250000
2018-12-03,25826.4296875,25826.4296875,25980.2109375,25670.509765625,25779.5703125,388480000
2018-12-04,25027.0703125,25027.0703125,25773.119140625,25008.109375,25752.560546875,418900000
2018-12-06,24947.669921875,24947.669921875,24951.009765625,24242.220703125,24737.419921875,471690000
2018-12-07,24388.94921875,24388.94921875,25095.619140625,24284.779296875,24918.8203125,398230000
2018-12-10,24423.259765625,24423.259765625,24500.810546875,23881.369140625,24360.94921875,389690000
2018-12-11,24370.240234375,24370.240234375,24791.259765625,24221.060546875,24719.91015625,342960000
2018-12-12,24527.26953125,24527.26953125,24828.2890625,24509.08984375,24509.08984375,344330000
2018-12-13,24597.380859375,24597.380859375,24740.9609375,24473.2890625,24575.859375,299970000
2018-12-14,24100.509765625,24100.509765625,24431.140625,24033.7890625,24408.0390625,416940000
2018-12-17,23592.98046875,23592.98046875,24088.080078125,23456.880859375,23986.830078125,466740000
2018-12-18,23675.640625,23675.640625,23927.76953125,23516.01953125,23769.130859375,408070000
2018-12-19,23323.66015625,23323.66015625,24057.33984375,23162.640625,23693.330078125,503550000
2018-12-20,22859.599609375,22859.599609375,23282.19921875,22644.310546875,23224.119140625,576700000
2018-12-21,22445.369140625,22445.369140625,23254.58984375,22396.33984375,22871.740234375,900510000
2018-12-24,21792.19921875,21792.19921875,22339.869140625,21792.19921875,22317.279296875,308420000
2018-12-26,22878.44921875,22878.44921875,22878.919921875,21712.529296875,21857.73046875,433080000
2018-12-27,23138.8203125,23138.8203125,23138.890625,22267.419921875,22629.060546875,407940000
2018-12-28,23062.400390625,23062.400390625,23381.880859375,22981.330078125,23213.609375,336510000
2018-12-31,23327.4609375,23327.4609375,23333.1796875,23118.30078125,23153.939453125,288830000
2019-01-02,23346.240234375,23346.240234375,23413.470703125,22928.58984375,23058.609375,321570000
2019-01-03,22686.220703125,22686.220703125,23176.390625,22638.41015625,23176.390625,424240000
2019-01-04,23433.16015625,23433.16015625,23518.640625,22894.919921875,22894.919921875,396020000
2019-01-07,23531.349609375,23531.349609375,23687.740234375,23301.58984375,23474.259765625,334200000
2019-01-08,23787.44921875,23787.44921875,23864.650390625,23581.44921875,23680.3203125,317420000
2019-01-09,23879.119140625,23879.119140625,24084.7109375,23703.16015625,23844.26953125,324570000
2019-01-10,24001.919921875,24001.919921875,24014.779296875,23703.25,23811.109375,338150000
2019-01-11,23995.94921875,23995.94921875,23996.3203125,23798.16015625,23940.009765625,262650000
2019-01-14,23909.83984375,23909.83984375,23964.900390625,23765.240234375,23880.529296875,277560000
2019-01-15,24065.58984375,24065.58984375,24099.140625,23887.9296875,23914.109375,291570000
2019-01-16,24207.16015625,24207.16015625,24288.609375,24119.720703125,24139.91015625,302830000
2019-01-17,24370.099609375,24370.099609375,24474.4609375,24088.900390625,24147.08984375,288590000
2019-01-18,24706.349609375,24706.349609375,24750.220703125,24459.029296875,24534.189453125,372970000
2019-01-22,24404.48046875,24404.48046875,24607.759765625,24244.310546875,24607.759765625,338480000
2019-01-23,24575.619140625,24575.619140625,24700.98046875,24307.169921875,24577.25,318600000
2019-01-24,24553.240234375,24553.240234375,24626.30078125,24422.73046875,24579.9609375,320170000
2019-01-25,24737.19921875,24737.19921875,24860.150390625,24676.75,24687.2109375,376890000
2019-01-28,24528.220703125,24528.220703125,24596.98046875,24323.939453125,24596.98046875,347170000
2019-01-29,24579.9609375,24579.9609375,24674.869140625,24504.0390625,24519.619140625,330870000
2019-01-30,25014.859375,25014.859375,25109.619140625,24790.900390625,24826.51953125,397330000
2019-01-31,24999.669921875,24999.669921875,25049.619140625,24842.08984375,24954.48046875,507350000
2019-02-01,25063.890625,25063.890625,25193.150390625,24982.490234375,25025.310546875,372090000
2019-02-04,25239.369140625,25239.369140625,25239.91015625,24977.669921875,25062.119140625,298540000
2019-02-05,25411.51953125,25411.51953125,25427.3203125,25287.650390625,25287.9296875,310650000
2019-02-06,25390.30078125,25390.30078125,25439.0390625,25312.060546875,25371.5703125,247590000
2019-02-07,25169.529296875,25169.529296875,25314.259765625,25000.51953125,25265.810546875,295460000
2019-02-08,25106.330078125,25106.330078125,25106.390625,24883.0390625,25042.359375,248210000
2019-02-11,25053.109375,25053.109375,25196.75,25009.099609375,25142.810546875,241700000
2019-02-12,25425.759765625,25425.759765625,25458.98046875,25152.029296875,25152.029296875,278110000
2019-02-13,25543.26953125,25543.26953125,25625.94921875,25480.859375,25480.859375,263330000
2019-02-14,25439.390625,25439.390625,25558.900390625,25308.08984375,25460.650390625,313010000
2019-02-15,25883.25,25883.25,25883.720703125,25564.630859375,25564.630859375,328530000
2019-02-19,25891.3203125,25891.3203125,25961.439453125,25820.009765625,25849.849609375,280620000
2019-02-20,25954.439453125,25954.439453125,25986.19921875,25846.48046875,25872.259765625,287880000
2019-02-21,25850.630859375,25850.630859375,25938.880859375,25762.2109375,25922.41015625,255710000
2019-02-22,26031.810546875,26031.810546875,26052.900390625,25906.26953125,25906.26953125,279760000
2019-02-25,26091.94921875,26091.94921875,26241.419921875,26080.66015625,26126.150390625,281600000
2019-02-26,26057.98046875,26057.98046875,26155.2890625,25966.009765625,26051.609375,257850000
2019-02-27,25985.16015625,25985.16015625,26039.6796875,25877.240234375,25995.599609375,255380000
2019-02-28,25916.0,25916.0,26029.2109375,25896.560546875,25984.279296875,338520000
2019-03-01,26026.3203125,26026.3203125,26143.919921875,25914.369140625,26019.669921875,289890000
2019-03-04,25819.650390625,25819.650390625,26155.98046875,25611.55078125,26122.189453125,295510000
2019-03-05,25806.630859375,25806.630859375,25877.150390625,25725.630859375,25829.0703125,252260000
2019-03-06,25673.4609375,25673.4609375,25837.609375,25633.7109375,25818.759765625,256250000
2019-03-07,25473.23046875,25473.23046875,25645.44921875,25352.55078125,25645.44921875,289140000
2019-03-08,25450.240234375,25450.240234375,25466.140625,25252.4609375,25347.380859375,270500000
2019-03-11,25650.880859375,25650.880859375,25661.630859375,25208.0,25208.0,309790000
2019-03-12,25554.66015625,25554.66015625,25675.439453125,25522.169921875,25600.30078125,317730000
2019-03-13,25702.890625,25702.890625,25776.490234375,25571.310546875,25637.23046875,331410000
2019-03-14,25709.939453125,25709.939453125,25752.83984375,25621.310546875,25692.310546875,302790000
2019-03-15,25848.869140625,25848.869140625,25927.91015625,25649.69921875,25720.9609375,616910000
2019-03-18,25914.099609375,25914.099609375,25924.76953125,25785.66015625,25801.880859375,303170000
2019-03-19,25887.380859375,25887.380859375,26109.6796875,25814.919921875,25987.869140625,342250000
2019-03-20,25745.669921875,25745.669921875,25929.51953125,25670.630859375,25867.7890625,321980000
2019-03-21,25962.509765625,25962.509765625,26009.900390625,25657.779296875,25688.439453125,335250000
2019-03-22,25502.3203125,25502.3203125,25877.009765625,25501.44921875,25844.650390625,386510000
2019-03-25,25516.830078125,25516.830078125,25603.26953125,25372.259765625,25490.720703125,303120000
2019-03-26,25657.73046875,25657.73046875,25796.2890625,25544.779296875,25649.560546875,305110000
2019-03-27,25625.58984375,25625.58984375,25758.169921875,25425.26953125,25676.33984375,270340000
2019-03-28,25717.4609375,25717.4609375,25743.41015625,25576.689453125,25693.3203125,237170000
2019-03-29,25928.6796875,25928.6796875,25949.3203125,25771.669921875,25827.310546875,300620000
2019-04-01,26258.419921875,26258.419921875,26280.900390625,26071.689453125,26075.099609375,295570000
2019-04-02,26179.130859375,26179.130859375,26221.240234375,26122.310546875,26213.55078125,250940000
2019-04-03,26218.130859375,26218.130859375,26282.169921875,26138.470703125,26238.029296875,271980000
2019-04-04,26384.630859375,26384.630859375,26398.900390625,26212.779296875,26213.419921875,233040000
2019-04-05,26424.990234375,26424.990234375,26487.5703125,26370.8203125,26427.560546875,229550000
2019-04-08,26341.01953125,26341.01953125,26344.650390625,26246.029296875,26312.669921875,229380000
2019-04-09,26150.580078125,26150.580078125,26246.33984375,26103.140625,26243.5390625,244410000
2019-04-10,26157.16015625,26157.16015625,26209.490234375,26101.240234375,26173.7109375,203130000
2019-04-11,26143.05078125,26143.05078125,26229.880859375,26062.58984375,26188.2109375,211680000
2019-04-12,26412.30078125,26412.30078125,26436.6796875,26309.720703125,26357.7890625,369910000
2019-04-15,26384.76953125,26384.76953125,26424.849609375,26316.419921875,26407.759765625,250620000
2019-04-16,26452.66015625,26452.66015625,26530.7109375,26397.189453125,26482.189453125,302340000
2019-04-17,26449.5390625,26449.5390625,26501.01953125,26391.859375,26468.529296875,367780000
2019-04-18,26559.5390625,26559.5390625,26602.419921875,26444.529296875,26463.369140625,332850000
2019-04-22,26511.05078125,26511.05078125,26553.05078125,26458.609375,26510.76953125,232570000
2019-04-23,26656.390625,26656.390625,26695.9609375,26503.560546875,26513.830078125,311690000
2019-04-24,26597.05078125,26597.05078125,26680.580078125,26582.859375,26652.560546875,283370000
2019-04-25,26462.080078125,26462.080078125,26536.48046875,26310.279296875,26426.369140625,296730000
2019-04-26,26543.330078125,26543.330078125,26543.560546875,26392.55078125,26454.619140625,317290000
2019-04-29,26554.390625,26554.390625,26602.5390625,26520.75,26559.869140625,279450000
2019-04-30,26592.91015625,26592.91015625,26614.0390625,26419.470703125,26594.560546875,340320000
2019-05-01,26430.140625,26430.140625,26689.390625,26426.380859375,26639.060546875,303850000
2019-05-02,26307.7890625,26307.7890625,26454.689453125,26180.359375,26407.150390625,287610000
2019-05-03,26504.94921875,26504.94921875,26534.9609375,26370.08984375,26379.140625,248900000
2019-05-06,26438.48046875,26438.48046875,26476.26953125,26033.94921875,26160.619140625,283020000
2019-05-07,25965.08984375,25965.08984375,26276.900390625,25789.7109375,26276.900390625,334960000
2019-05-08,25967.330078125,25967.330078125,26118.099609375,25889.41015625,25933.7890625,276420000
2019-05-09,25828.359375,25828.359375,25884.890625,25517.390625,25878.849609375,334760000
2019-05-10,25942.369140625,25942.369140625,26019.3203125,25469.859375,25763.720703125,294580000
2019-05-13,25324.990234375,25324.990234375,25568.060546875,25222.509765625,25568.060546875,361240000
2019-05-14,25532.05078125,25532.05078125,25688.9609375,25384.029296875,25384.029296875,291570000
2019-05-15,25648.01953125,25648.01953125,25724.890625,25341.939453125,25400.130859375,270720000
2019-05-16,25862.6796875,25862.6796875,25957.630859375,25692.140625,25692.140625,320960000
2019-05-17,25764.0,25764.0,25948.740234375,25657.779296875,25719.94921875,283760000
2019-05-20,25679.900390625,25679.900390625,25751.7109375,25560.55078125,25655.310546875,279560000
2019-05-21,25877.330078125,25877.330078125,25898.26953125,25779.609375,25782.33984375,260870000
2019-05-22,25776.609375,25776.609375,25878.2109375,25755.109375,25818.4609375,241760000
2019-05-23,25490.470703125,25490.470703125,25657.990234375,25328.08984375,25657.990234375,316940000
2019-05-24,25585.689453125,25585.689453125,25670.810546875,25496.19921875,25551.0703125,201370000
2019-05-28,25347.76953125,25347.76953125,25717.630859375,25342.279296875,25616.55078125,358980000
2019-05-29,25126.41015625,25126.41015625,25231.4609375,24938.240234375,25231.4609375,298930000
2019-05-30,25169.880859375,25169.880859375,25218.5390625,25066.75,25139.939453125,215240000
2019-05-31,24815.0390625,24815.0390625,25046.310546875,24809.509765625,25046.310546875,292230000
2019-06-03,24819.779296875,24819.779296875,24935.2109375,24680.5703125,24830.16015625,328240000
2019-06-04,25332.1796875,25332.1796875,25343.76953125,24962.8203125,24962.8203125,281690000
2019-06-05,25539.5703125,25539.5703125,25544.66015625,25373.580078125,25451.0,262660000
2019-06-06,25720.66015625,25720.66015625,25800.30078125,25518.05078125,25567.44921875,248070000
2019-06-07,25983.939453125,25983.939453125,26072.75,25768.720703125,25768.720703125,263010000
2019-06-10,26062.6796875,26062.6796875,26210.609375,26054.310546875,26090.220703125,249280000
2019-06-11,26048.509765625,26048.509765625,26248.669921875,25998.869140625,26180.58984375,253490000
2019-06-12,26004.830078125,26004.830078125,26082.099609375,25958.66015625,26040.30078125,223690000
2019-06-13,26106.76953125,26106.76953125,26146.91015625,25995.7109375,26036.939453125,213400000
2019-06-14,26089.609375,26089.609375,26162.279296875,25988.08984375,26076.359375,208020000
2019-06-17,26112.529296875,26112.529296875,26165.779296875,26049.80078125,26108.529296875,199500000
2019-06-18,26465.5390625,26465.5390625,26527.189453125,26227.80078125,26228.900390625,273490000
2019-06-19,26504.0,26504.0,26569.75,26415.05078125,26490.16015625,240950000
2019-06-20,26753.169921875,26753.169921875,26798.630859375,26539.689453125,26665.380859375,278170000
2019-06-21,26719.130859375,26719.130859375,26907.369140625,26705.869140625,26749.119140625,485560000
2019-06-24,26727.5390625,26727.5390625,26806.51953125,26723.369140625,26727.609375,232390000
2019-06-25,26548.220703125,26548.220703125,26752.310546875,26527.66015625,26731.609375,282160000
2019-06-26,26536.8203125,26536.8203125,26660.0390625,26536.330078125,26599.419921875,274340000
2019-06-27,26526.580078125,26526.580078125,26607.240234375,26465.3203125,26523.720703125,246930000
2019-06-28,26599.9609375,26599.9609375,26638.349609375,26522.26953125,26605.9296875,499350000
2019-07-01,26717.4296875,26717.4296875,26890.640625,26616.2109375,26805.859375,267670000
2019-07-02,26786.6796875,26786.6796875,26787.560546875,26632.650390625,26719.529296875,219270000
2019-07-03,26966.0,26966.0,26966.0,26831.439453125,26832.3203125,149840000
2019-07-05,26922.119140625,26922.119140625,26950.810546875,26733.330078125,26867.75,192170000
2019-07-08,26806.140625,26806.140625,26839.140625,26744.869140625,26835.640625,214290000
2019-07-09,26783.490234375,26783.490234375,26807.69921875,26665.5703125,26725.119140625,218330000
2019-07-10,26860.19921875,26860.19921875,26983.44921875,26813.109375,26851.9609375,207990000
2019-07-11,27088.080078125,27088.080078125,27088.44921875,26916.3203125,26950.16015625,252300000
2019-07-12,27332.029296875,27332.029296875,27333.7890625,27135.44921875,27139.490234375,248390000
2019-07-15,27359.16015625,27359.16015625,27364.689453125,27294.169921875,27364.689453125,199730000
2019-07-16,27335.630859375,27335.630859375,27398.6796875,27290.240234375,27349.3203125,226000000
2019-07-17,27219.849609375,27219.849609375,27343.060546875,27218.380859375,27320.91015625,193930000
2019-07-18,27222.970703125,27222.970703125,27266.810546875,27068.7890625,27191.98046875,216070000
2019-07-19,27154.19921875,27154.19921875,27342.9609375,27145.779296875,27246.380859375,287690000
2019-07-22,27171.900390625,27171.900390625,27227.76953125,27088.900390625,27174.1796875,216310000
2019-07-23,27349.189453125,27349.189453125,27368.810546875,27204.580078125,27231.859375,248850000
2019-07-24,27269.970703125,27269.970703125,27291.0390625,27191.119140625,27262.240234375,244320000
2019-07-25,27140.98046875,27140.98046875,27298.4296875,27062.48046875,27247.390625,241420000
2019-07-26,27192.44921875,27192.44921875,27213.69921875,27123.25,27166.0,233650000
2019-07-29,27221.349609375,27221.349609375,27275.849609375,27178.060546875,27192.240234375,250850000
2019-07-30,27198.01953125,27198.01953125,27224.359375,27069.859375,27145.390625,293250000
2019-07-31,26864.26953125,26864.26953125,27281.650390625,26719.599609375,27244.669921875,385150000
2019-08-01,26583.419921875,26583.419921875,27175.58984375,26548.7109375,26879.859375,386320000
2019-08-02,26485.009765625,26485.009765625,26570.01953125,26249.220703125,26528.66015625,327640000
2019-08-05,25717.740234375,25717.740234375,26259.23046875,25523.380859375,26259.23046875,422240000
2019-08-06,26029.51953125,26029.51953125,26038.6796875,25710.869140625,25810.619140625,318160000
2019-08-07,26007.0703125,26007.0703125,26073.2109375,25440.390625,25814.220703125,344790000
2019-08-08,26378.189453125,26378.189453125,26383.609375,26038.099609375,26086.51953125,282530000
2019-08-09,26287.439453125,26287.439453125,26413.359375,26097.640625,26337.08984375,240260000
2019-08-12,25896.439453125,25896.439453125,26178.94921875,25824.939453125,26169.91015625,199390000
2019-08-13,26279.91015625,26279.91015625,26426.970703125,25833.25,25888.880859375,308900000
2019-08-14,25479.419921875,25479.419921875,26035.080078125,25471.58984375,26035.080078125,352250000
2019-08-15,25579.390625,25579.390625,25639.689453125,25339.599609375,25514.25,332600000
2019-08-16,25886.009765625,25886.009765625,25929.650390625,25678.169921875,25678.169921875,276210000
2019-08-19,26135.7890625,26135.7890625,26222.3203125,26020.060546875,26020.060546875,252640000
2019-08-20,25962.439453125,25962.439453125,26160.119140625,25952.0,26086.859375,238100000
2019-08-21,26202.73046875,26202.73046875,26268.3203125,26141.76953125,26145.359375,208790000
2019-08-22,26252.240234375,26252.240234375,26388.779296875,26099.009765625,26271.640625,222810000
2019-08-23,25628.900390625,25628.900390625,26320.2890625,25507.1796875,26134.2109375,364260000
2019-08-26,25898.830078125,25898.830078125,25941.25,25716.390625,25826.05078125,222780000
2019-08-27,25777.900390625,25777.900390625,26054.01953125,25721.849609375,26014.4609375,263530000
2019-08-28,26036.099609375,26036.099609375,26041.5703125,25637.4296875,25712.990234375,207070000
2019-08-29,26362.25,26362.25,26408.83984375,26185.7109375,26249.08984375,208650000
2019-08-30,26403.279296875,26403.279296875,26514.619140625,26295.58984375,26476.390625,216160000
2019-09-03,26118.01953125,26118.01953125,26198.259765625,25978.220703125,26198.259765625,223210000
2019-09-04,26355.470703125,26355.470703125,26362.349609375,26244.439453125,26301.990234375,202710000
2019-09-05,26728.150390625,26728.150390625,26836.30078125,26603.150390625,26603.150390625,256670000
2019-09-06,26797.4609375,26797.4609375,26860.869140625,26708.390625,26790.25,209700000
2019-09-09,26835.509765625,26835.509765625,26900.830078125,26762.1796875,26866.23046875,273120000
2019-09-10,26909.4296875,26909.4296875,26909.4296875,26717.05078125,26805.830078125,322340000
2019-09-11,27137.0390625,27137.0390625,27137.0390625,26885.48046875,26928.05078125,272590000
2019-09-12,27182.44921875,27182.44921875,27306.73046875,27105.009765625,27197.3203125,250010000
2019-09-13,27219.51953125,27219.51953125,27277.55078125,27193.94921875,27216.669921875,255260000
2019-09-16,27076.8203125,27076.8203125,27172.869140625,27032.560546875,27146.060546875,220620000
2019-09-17,27110.80078125,27110.80078125,27110.80078125,26984.140625,27010.119140625,223580000
2019-09-18,27147.080078125,27147.080078125,27161.9296875,26899.150390625,27075.390625,212860000
2019-09-19,27094.7890625,27094.7890625,27272.169921875,27064.2109375,27186.05078125,212360000
2019-09-20,26935.0703125,26935.0703125,27194.75,26926.6796875,27102.1796875,497640000
2019-09-23,26949.990234375,26949.990234375,27011.0703125,26831.33984375,26851.44921875,204240000
2019-09-24,26807.76953125,26807.76953125,27079.6796875,26704.9609375,27034.0703125,301750000
2019-09-25,26970.7109375,26970.7109375,27016.560546875,26755.859375,26866.7109375,237220000
2019-09-26,26891.119140625,26891.119140625,27015.0703125,26803.83984375,27004.109375,229180000
2019-09-27,26820.25,26820.25,27012.5390625,26715.8203125,26987.259765625,217780000
2019-09-30,26916.830078125,26916.830078125,26998.859375,26852.330078125,26852.330078125,222680000
2019-10-01,26573.0390625,26573.0390625,27046.2109375,26562.220703125,26962.5390625,260110000
2019-10-02,26078.619140625,26078.619140625,26438.0390625,25974.119140625,26425.859375,309640000
2019-10-03,26201.0390625,26201.0390625,26205.19921875,25743.4609375,26039.01953125,241610000
2019-10-04,26573.720703125,26573.720703125,26590.740234375,26271.69921875,26271.69921875,221310000
2019-10-07,26478.01953125,26478.01953125,26655.83984375,26424.5390625,26502.330078125,195200000
2019-10-08,26164.0390625,26164.0390625,26421.810546875,26139.80078125,26276.58984375,244590000
2019-10-09,26346.009765625,26346.009765625,26424.310546875,26249.75,26308.23046875,190060000
2019-10-10,26496.669921875,26496.669921875,26603.310546875,26314.509765625,26317.349609375,217680000
2019-10-11,26816.58984375,26816.58984375,27013.970703125,26694.19921875,26694.19921875,282080000
2019-10-14,26787.359375,26787.359375,26874.330078125,26749.1796875,26766.4296875,178620000
2019-10-15,27024.80078125,27024.80078125,27120.109375,26811.19921875,26811.19921875,245510000
2019-10-16,27001.98046875,27001.98046875,27058.33984375,26943.2890625,26972.310546875,214660000
2019-10-17,27025.880859375,27025.880859375,27112.16015625,26970.2890625,27032.380859375,222540000
2019-10-18,26770.19921875,26770.19921875,27018.25,26770.130859375,27004.490234375,288970000
2019-10-21,26827.640625,26827.640625,26852.669921875,26747.619140625,26852.669921875,241030000
2019-10-22,26788.099609375,26788.099609375,26946.640625,26782.609375,26850.4296875,265510000
2019-10-23,26833.94921875,26833.94921875,26896.890625,26745.0,26835.240234375,247680000
2019-10-24,26805.529296875,26805.529296875,26931.779296875,26714.33984375,26893.9296875,253590000
2019-10-25,26958.060546875,26958.060546875,27015.369140625,26765.6796875,26789.609375,274610000
2019-10-28,27090.720703125,27090.720703125,27167.880859375,27028.7109375,27040.330078125,290770000
2019-10-29,27071.4609375,27071.4609375,27165.939453125,27039.759765625,27061.0703125,269610000
2019-10-30,27186.689453125,27186.689453125,27204.359375,26999.640625,27110.7109375,231750000
2019-10-31,27046.23046875,27046.23046875,27188.369140625,26918.2890625,27188.369140625,273830000
2019-11-01,27347.359375,27347.359375,27347.4296875,27142.94921875,27142.94921875,270870000
2019-11-04,27462.109375,27462.109375,27517.580078125,27402.060546875,27402.060546875,273030000
2019-11-05,27492.630859375,27492.630859375,27560.359375,27453.55078125,27500.23046875,286350000
2019-11-06,27492.560546875,27492.560546875,27526.05078125,27407.810546875,27502.740234375,237910000
2019-11-07,27674.80078125,27674.80078125,27774.669921875,27590.16015625,27590.16015625,259020000
2019-11-08,27681.240234375,27681.240234375,27694.94921875,27578.970703125,27686.19921875,221440000
2019-11-11,27691.490234375,27691.490234375,27714.390625,27517.669921875,27580.66015625,202350000
2019-11-12,27691.490234375,27691.490234375,27770.859375,27635.3203125,27701.58984375,213670000
2019-11-13,27783.58984375,27783.58984375,27806.400390625,27587.19921875,27622.0390625,278390000
2019-11-14,27781.9609375,27781.9609375,27800.7109375,27676.970703125,27757.19921875,303970000
2019-11-15,28004.890625,28004.890625,28004.890625,27843.5390625,27843.5390625,283720000
2019-11-18,28036.220703125,28036.220703125,28040.970703125,27969.240234375,27993.220703125,252320000
2019-11-19,27934.01953125,27934.01953125,28090.2109375,27894.51953125,28079.759765625,245890000
2019-11-20,27821.08984375,27821.08984375,27897.279296875,27675.279296875,27879.55078125,258140000
2019-11-21,27766.2890625,27766.2890625,27828.330078125,27708.33984375,27820.279296875,232020000
2019-11-22,27875.619140625,27875.619140625,27898.4609375,27773.98046875,27831.23046875,214780000
2019-11-25,28066.470703125,28066.470703125,28068.689453125,27917.76953125,27917.76953125,248420000
2019-11-26,28121.6796875,28121.6796875,28146.01953125,28042.2109375,28080.75,324050000
2019-11-27,28164.0,28164.0,28174.970703125,28075.23046875,28156.470703125,198210000
2019-11-29,28051.41015625,28051.41015625,28119.509765625,28042.529296875,28103.16015625,120630000
2019-12-02,27783.0390625,27783.0390625,28109.83984375,27782.349609375,28109.740234375,236610000
2019-12-03,27502.810546875,27502.810546875,27524.740234375,27325.130859375,27501.98046875,275350000
2019-12-04,27649.779296875,27649.779296875,27727.44921875,27612.080078125,27634.630859375,218200000
2019-12-05,27677.7890625,27677.7890625,27745.19921875,27562.80078125,27736.05078125,208600000
2019-12-06,28015.060546875,28015.060546875,28035.849609375,27839.6796875,27839.6796875,223310000
2019-12-09,27909.599609375,27909.599609375,28010.419921875,27906.140625,27987.05078125,217000000
2019-12-10,27881.720703125,27881.720703125,27949.01953125,27804.0,27900.650390625,213250000
2019-12-11,27911.30078125,27911.30078125,27925.5,27801.80078125,27867.310546875,213510000
2019-12-12,28132.05078125,28132.05078125,28224.94921875,27859.869140625,27898.33984375,277740000
2019-12-13,28135.380859375,28135.380859375,28290.73046875,28028.3203125,28123.640625,250660000
2019-12-16,28235.890625,28235.890625,28337.490234375,28191.669921875,28191.669921875,286770000
2019-12-17,28267.16015625,28267.16015625,28328.630859375,28220.560546875,28221.75,286770000
2019-12-18,28239.279296875,28239.279296875,28323.25,28239.279296875,28291.439453125,289890000
2019-12-19,28376.9609375,28376.9609375,28381.48046875,28278.240234375,28278.310546875,262570000
2019-12-20,28455.08984375,28455.08984375,28608.640625,28445.599609375,28608.640625,603780000
2019-12-23,28551.529296875,28551.529296875,28582.490234375,28491.779296875,28491.779296875,223530000
2019-12-24,28515.44921875,28515.44921875,28576.80078125,28503.2109375,28572.5703125,86150000
2019-12-26,28621.390625,28621.390625,28624.099609375,28535.150390625,28539.4609375,155970000
2019-12-27,28645.259765625,28645.259765625,28701.66015625,28608.98046875,28675.33984375,182280000
2019-12-30,28462.140625,28462.140625,28664.689453125,28428.98046875,28654.759765625,181600000
2019-12-31,28538.439453125,28538.439453125,28547.349609375,28376.490234375,28414.640625,193340000
2020-01-02,28868.80078125,28868.80078125,28872.80078125,28627.76953125,28638.970703125,251820000
2020-01-03,28634.880859375,28634.880859375,28716.310546875,28500.359375,28553.330078125,239590000
2020-01-06,28703.380859375,28703.380859375,28708.01953125,28418.630859375,28465.5,252760000
2020-01-07,28583.6796875,28583.6796875,28685.5,28565.279296875,28639.1796875,258900000
2020-01-08,28745.08984375,28745.08984375,28866.1796875,28522.509765625,28556.140625,291750000
2020-01-09,28956.900390625,28956.900390625,28988.009765625,28844.310546875,28851.970703125,275060000
2020-01-10,28823.76953125,28823.76953125,29009.0703125,28789.099609375,28977.51953125,237830000
2020-01-13,28907.05078125,28907.05078125,28909.91015625,28819.4296875,28869.009765625,249830000
2020-01-14,28939.669921875,28939.669921875,29054.16015625,28872.26953125,28895.5,287440000
2020-01-15,29030.220703125,29030.220703125,29127.58984375,28897.349609375,28901.80078125,260270000
2020-01-16,29297.640625,29297.640625,29300.3203125,29131.94921875,29131.94921875,252110000
2020-01-17,29348.099609375,29348.099609375,29373.619140625,29289.91015625,29313.310546875,321820000
2020-01-21,29196.0390625,29196.0390625,29341.2109375,29146.470703125,29269.05078125,320640000
2020-01-22,29186.26953125,29186.26953125,29320.19921875,29172.259765625,29263.630859375,283440000
2020-01-23,29160.08984375,29160.08984375,29190.470703125,28966.98046875,29111.01953125,307060000
2020-01-24,28989.73046875,28989.73046875,29288.7890625,28843.310546875,29230.390625,380010000
2020-01-27,28535.80078125,28535.80078125,28671.7890625,28440.470703125,28542.490234375,337270000
2020-01-28,28722.849609375,28722.849609375,28823.23046875,28575.75,28594.279296875,330140000
2020-01-29,28734.44921875,28734.44921875,28944.240234375,28728.189453125,28820.529296875,302290000
2020-01-30,28859.439453125,28859.439453125,28879.7109375,28489.759765625,28640.16015625,326850000
2020-01-31,28256.029296875,28256.029296875,28813.0390625,28169.529296875,28813.0390625,403890000
2020-02-03,28399.810546875,28399.810546875,28630.390625,28319.650390625,28319.650390625,307910000
2020-02-04,28807.630859375,28807.630859375,28904.880859375,28696.740234375,28696.740234375,332750000
2020-02-05,29290.849609375,29290.849609375,29308.890625,29000.849609375,29048.73046875,357540000
2020-02-06,29379.76953125,29379.76953125,29408.05078125,29246.9296875,29388.580078125,263700000
2020-02-07,29102.509765625,29102.509765625,29286.919921875,29056.98046875,29286.919921875,252860000
2020-02-10,29276.8203125,29276.8203125,29278.0703125,28995.66015625,28995.66015625,250510000
2020-02-11,29276.33984375,29276.33984375,29415.390625,29210.470703125,29390.7109375,279540000
2020-02-12,29551.419921875,29551.419921875,29568.5703125,29406.75,29406.75,309530000
2020-02-13,29423.310546875,29423.310546875,29535.400390625,29345.9296875,29436.029296875,291150000
2020-02-14,29398.080078125,29398.080078125,29463.0390625,29283.1796875,29440.470703125,231000000
2020-02-18,29232.189453125,29232.189453125,29330.16015625,29116.810546875,29282.779296875,256600000
2020-02-19,29348.029296875,29348.029296875,29409.08984375,29274.380859375,29312.69921875,240640000
2020-02-20,29219.98046875,29219.98046875,29368.44921875,28959.650390625,29296.25,287780000
2020-02-21,28992.41015625,28992.41015625,29146.529296875,28892.69921875,29146.529296875,311210000
2020-02-24,27960.80078125,27960.80078125,28402.9296875,27912.439453125,28402.9296875,452580000
2020-02-25,27081.359375,27081.359375,28149.19921875,26997.619140625,28037.650390625,513270000
2020-02-26,26957.58984375,26957.58984375,27542.779296875,26890.970703125,27159.4609375,472450000
2020-02-27,25766.640625,25766.640625,26775.310546875,25752.8203125,26526.0,664980000
2020-02-28,25409.359375,25409.359375,25494.240234375,24681.009765625,25270.830078125,915990000
2020-03-02,26703.3203125,26703.3203125,26706.169921875,25391.9609375,25590.509765625,637200000
2020-03-03,25917.41015625,25917.41015625,27084.58984375,25706.279296875,26762.470703125,647080000
2020-03-04,27090.859375,27090.859375,27102.33984375,26286.310546875,26383.6796875,457590000
2020-03-05,26121.279296875,26121.279296875,26671.919921875,25943.330078125,26671.919921875,477370000
2020-03-06,25864.779296875,25864.779296875,25994.380859375,25226.619140625,25457.2109375,599780000
2020-03-09,23851.01953125,23851.01953125,24992.359375,23706.0703125,24992.359375,750430000
2020-03-10,25018.16015625,25018.16015625,25020.990234375,23690.33984375,24453.0,654860000
2020-03-11,23553.220703125,23553.220703125,24604.630859375,23328.3203125,24604.630859375,663960000
2020-03-12,21200.619140625,21200.619140625,22837.94921875,21154.4609375,22184.7109375,908260000
2020-03-13,23185.619140625,23185.619140625,23189.759765625,21285.369140625,21973.8203125,843080000
2020-03-16,20188.51953125,20188.51953125,21768.279296875,20116.4609375,20917.529296875,770130000
2020-03-17,21237.380859375,21237.380859375,21379.349609375,19882.259765625,20487.05078125,793060000
2020-03-18,19898.919921875,19898.919921875,20489.330078125,18917.4609375,20188.689453125,871360000
2020-03-19,20087.189453125,20087.189453125,20442.630859375,19177.130859375,19830.009765625,780300000
2020-03-20,19173.98046875,19173.98046875,20531.259765625,19094.26953125,20253.150390625,872290000
2020-03-23,18591.9296875,18591.9296875,19121.009765625,18213.650390625,19028.359375,787970000
2020-03-24,20704.91015625,20704.91015625,20737.69921875,19649.25,19722.189453125,799340000
2020-03-25,21200.55078125,21200.55078125,22019.9296875,20538.33984375,21050.33984375,796320000
2020-03-26,22552.169921875,22552.169921875,22595.060546875,21427.099609375,21468.380859375,705180000
2020-03-27,21636.779296875,21636.779296875,22327.5703125,21469.26953125,21898.470703125,588830000
2020-03-30,22327.48046875,22327.48046875,22378.08984375,21522.080078125,21678.220703125,545540000
2020-03-31,21917.16015625,21917.16015625,22480.369140625,21852.080078125,22208.419921875,571210000
2020-04-01,20943.509765625,20943.509765625,21487.240234375,20784.4296875,21227.380859375,506680000
2020-04-02,21413.439453125,21413.439453125,21477.76953125,20735.01953125,20819.4609375,529540000
2020-04-03,21052.529296875,21052.529296875,21447.810546875,20863.08984375,21285.9296875,450010000
2020-04-06,22679.990234375,22679.990234375,22783.44921875,21693.630859375,21693.630859375,610760000
2020-04-07,22653.859375,22653.859375,23617.240234375,22634.44921875,23537.439453125,594660000
2020-04-08,23433.5703125,23433.5703125,23513.400390625,22682.990234375,22893.470703125,472740000
2020-04-09,23719.369140625,23719.369140625,24008.990234375,23504.08984375,23690.66015625,566400000
2020-04-13,23390.76953125,23390.76953125,23698.9296875,23095.349609375,23698.9296875,394320000
2020-04-14,23949.759765625,23949.759765625,24040.580078125,23683.439453125,23690.5703125,485910000
2020-04-15,23504.349609375,23504.349609375,23649.720703125,23233.3203125,23600.720703125,437630000
2020-04-16,23537.6796875,23537.6796875,23598.080078125,23211.380859375,23543.66015625,471050000
2020-04-17,24242.490234375,24242.490234375,24264.2109375,23817.150390625,23817.150390625,525950000
2020-04-20,23650.439453125,23650.439453125,24108.689453125,23627.189453125,24095.099609375,423410000
2020-04-21,23018.880859375,23018.880859375,23365.25,22941.880859375,23365.25,485140000
2020-04-22,23475.8203125,23475.8203125,23613.099609375,23339.599609375,23437.33984375,352880000
2020-04-23,23515.259765625,23515.259765625,23885.359375,23483.349609375,23543.08984375,389290000
2020-04-24,23775.26953125,23775.26953125,23826.0,23417.6796875,23628.240234375,376020000
2020-04-27,24133.779296875,24133.779296875,24207.650390625,23840.609375,23866.150390625,389390000
2020-04-28,24101.55078125,24101.55078125,24512.240234375,24031.19921875,24357.169921875,400250000
2020-04-29,24633.859375,24633.859375,24764.76953125,24453.990234375,24490.369140625,455290000
2020-04-30,24345.720703125,24345.720703125,24585.5703125,24186.900390625,24585.5703125,487840000
2020-05-01,23723.689453125,23723.689453125,24120.779296875,23645.30078125,24120.779296875,418160000
2020-05-04,23749.759765625,23749.759765625,23769.560546875,23361.16015625,23581.55078125,355360000
2020-05-05,23883.08984375,23883.08984375,24169.720703125,23868.91015625,23958.880859375,369710000
2020-05-06,23664.640625,23664.640625,24054.58984375,23661.140625,23978.880859375,377450000
2020-05-07,23875.890625,23875.890625,24094.619140625,23834.390625,23837.2109375,369890000
2020-05-08,24331.3203125,24331.3203125,24349.900390625,24107.05078125,24107.8203125,335760000
2020-05-11,24221.990234375,24221.990234375,24366.2109375,24070.220703125,24256.44921875,352400000
2020-05-12,23764.779296875,23764.779296875,24382.08984375,23761.580078125,24292.83984375,359480000
2020-05-13,23247.970703125,23247.970703125,23708.900390625,23067.640625,23702.16015625,469950000
2020-05-14,23625.33984375,23625.33984375,23630.859375,22789.619140625,23049.060546875,472700000
2020-05-15,23685.419921875,23685.419921875,23730.080078125,23354.150390625,23454.830078125,491510000
2020-05-18,24597.369140625,24597.369140625,24708.5390625,24059.98046875,24059.98046875,484190000
2020-05-19,24206.859375,24206.859375,24599.5,24202.9609375,24577.48046875,374100000
2020-05-20,24575.900390625,24575.900390625,24649.48046875,24455.939453125,24455.939453125,366510000
2020-05-21,24474.119140625,24474.119140625,24718.4609375,24370.880859375,24564.26953125,346770000
2020-05-22,24465.16015625,24465.16015625,24481.640625,24294.0703125,24461.98046875,255660000
2020-05-26,24995.109375,24995.109375,25176.419921875,24781.83984375,24781.83984375,424380000
2020-05-27,25548.26953125,25548.26953125,25551.560546875,25009.869140625,25298.630859375,411230000
2020-05-28,25400.640625,25400.640625,25758.7890625,25358.73046875,25697.359375,377800000
2020-05-29,25383.109375,25383.109375,25482.80078125,25031.669921875,25324.150390625,527620000
2020-06-01,25475.01953125,25475.01953125,25508.830078125,25220.66015625,25342.990234375,338310000
2020-06-02,25742.650390625,25742.650390625,25743.130859375,25523.740234375,25582.51953125,352610000
2020-06-03,26269.890625,26269.890625,26337.75,25906.880859375,25906.880859375,398790000
2020-06-04,26281.8203125,26281.8203125,26384.099609375,26082.310546875,26226.490234375,372190000
2020-06-05,27110.98046875,27110.98046875,27338.30078125,26836.80078125,26836.80078125,542310000
2020-06-08,27572.439453125,27572.439453125,27580.2109375,27232.48046875,27232.9296875,430200000
2020-06-09,27272.30078125,27272.30078125,27447.369140625,27151.060546875,27447.369140625,381430000
2020-06-10,26989.990234375,26989.990234375,27355.220703125,26938.05078125,27251.890625,448930000
2020-06-11,25128.169921875,25128.169921875,26294.080078125,25082.720703125,26282.509765625,647780000
2020-06-12,25605.5390625,25605.5390625,25965.55078125,25078.41015625,25659.419921875,514440000
2020-06-15,25763.16015625,25763.16015625,25891.580078125,24843.1796875,25270.390625,461230000
2020-06-16,26289.98046875,26289.98046875,26611.029296875,25811.69921875,26326.6796875,489500000
2020-06-17,26119.609375,26119.609375,26400.0703125,26068.41015625,26330.51953125,328830000
2020-06-18,26080.099609375,26080.099609375,26154.19921875,25848.529296875,26016.44921875,328390000
2020-06-19,25871.4609375,25871.4609375,26451.439453125,25759.66015625,26213.099609375,669390000
2020-06-22,26024.9609375,26024.9609375,26059.810546875,25667.6796875,25865.080078125,351780000
2020-06-23,26156.099609375,26156.099609375,26314.970703125,26105.970703125,26159.390625,389980000
2020-06-24,25445.939453125,25445.939453125,25992.9609375,25296.73046875,25992.9609375,450120000
2020-06-25,25745.599609375,25745.599609375,25769.609375,25209.7890625,25365.220703125,384560000
2020-06-26,25015.55078125,25015.55078125,25641.689453125,24971.029296875,25641.689453125,640860000
2020-06-29,25595.80078125,25595.80078125,25601.150390625,25096.16015625,25152.44921875,378070000
2020-06-30,25812.880859375,25812.880859375,25905.380859375,25475.140625,25512.4296875,410780000
2020-07-01,25734.970703125,25734.970703125,26019.310546875,25713.609375,25879.380859375,373180000
2020-07-02,25827.359375,25827.359375,26204.41015625,25778.119140625,25936.44921875,349130000
2020-07-06,26287.029296875,26287.029296875,26297.529296875,25996.080078125,25996.080078125,340690000
2020-07-07,25890.1796875,25890.1796875,26174.9296875,25866.580078125,26172.009765625,346820000
2020-07-08,26067.279296875,26067.279296875,26109.490234375,25816.25,25950.060546875,337300000
2020-07-09,25706.08984375,25706.08984375,26103.279296875,25523.509765625,26094.919921875,387610000
2020-07-10,26075.30078125,26075.30078125,26101.3203125,25637.5,25690.349609375,338170000
2020-07-13,26085.80078125,26085.80078125,26639.08984375,26044.23046875,26225.0703125,425320000
2020-07-14,26642.58984375,26642.58984375,26690.51953125,25994.98046875,26044.169921875,401640000
2020-07-15,26870.099609375,26870.099609375,27071.330078125,26692.48046875,27009.810546875,384900000
2020-07-16,26734.7109375,26734.7109375,26879.16015625,26590.009765625,26746.5703125,287330000
2020-07-17,26671.94921875,26671.94921875,26808.4296875,26619.880859375,26774.619140625,296460000
2020-07-20,26680.869140625,26680.869140625,26765.01953125,26504.19921875,26660.2890625,309390000
2020-07-21,26840.400390625,26840.400390625,27025.380859375,26766.220703125,26833.140625,364930000
2020-07-22,27005.83984375,27005.83984375,27035.240234375,26794.189453125,26824.560546875,404340000
2020-07-23,26652.330078125,26652.330078125,26973.849609375,26560.0390625,26955.970703125,419800000
2020-07-24,26469.890625,26469.890625,26625.69921875,26402.859375,26533.41015625,494170000
2020-07-27,26584.76953125,26584.76953125,26625.4609375,26426.919921875,26447.669921875,400930000
2020-07-28,26379.279296875,26379.279296875,26556.83984375,26361.7109375,26529.44921875,361090000
2020-07-29,26539.5703125,26539.5703125,26602.44921875,26375.390625,26388.439453125,347580000
2020-07-30,26313.650390625,26313.650390625,26374.9296875,25992.279296875,26367.419921875,351540000
2020-07-31,26428.3203125,26428.3203125,26440.01953125,26013.58984375,26409.330078125,488050000
2020-08-03,26664.400390625,26664.400390625,26707.259765625,26534.380859375,26542.3203125,439380000
2020-08-04,26828.470703125,26828.470703125,26832.720703125,26597.8203125,26664.609375,346350000
2020-08-05,27201.51953125,27201.51953125,27221.669921875,26924.779296875,26924.779296875,366000000
2020-08-06,27386.98046875,27386.98046875,27394.099609375,27145.25,27170.8203125,322460000
2020-08-07,27433.48046875,27433.48046875,27456.240234375,27223.55078125,27321.6796875,321170000
2020-08-10,27791.439453125,27791.439453125,27803.859375,27488.2109375,27488.2109375,360340000
2020-08-11,27686.91015625,27686.91015625,28154.880859375,27624.509765625,27961.640625,428220000
2020-08-12,27976.83984375,27976.83984375,28043.890625,27843.3203125,27860.240234375,340210000
2020-08-13,27896.720703125,27896.720703125,27986.099609375,27789.779296875,27922.509765625,360160000
2020-08-14,27931.01953125,27931.01953125,27977.810546875,27759.390625,27828.9296875,275540000
2020-08-17,27844.91015625,27844.91015625,27999.810546875,27816.400390625,27970.05078125,286860000
2020-08-18,27778.0703125,27778.0703125,27891.119140625,27668.7890625,27853.48046875,276170000
2020-08-19,27692.880859375,27692.880859375,27920.419921875,27647.669921875,27811.259765625,311460000
2020-08-20,27739.73046875,27739.73046875,27781.4609375,27526.25,27622.6796875,304550000
2020-08-21,27930.330078125,27930.330078125,27959.48046875,27686.779296875,27758.130859375,372720000
2020-08-24,28308.4609375,28308.4609375,28314.939453125,28041.75,28077.580078125,383880000
2020-08-25,28248.439453125,28248.439453125,28400.740234375,28094.5703125,28347.419921875,338420000
2020-08-26,28331.919921875,28331.919921875,28353.80078125,28153.91015625,28257.880859375,327070000
2020-08-27,28492.26953125,28492.26953125,28634.220703125,28363.9296875,28384.0703125,404340000
2020-08-28,28653.869140625,28653.869140625,28733.349609375,28487.98046875,28601.2890625,369740000
2020-08-31,28430.05078125,28430.05078125,28643.66015625,28363.55078125,28643.66015625,517320000
2020-09-01,28645.66015625,28645.66015625,28659.259765625,28290.720703125,28439.609375,423410000
2020-09-02,29100.5,29100.5,29162.880859375,28713.529296875,28736.7890625,539510000
2020-09-03,28292.73046875,28292.73046875,29199.349609375,28074.759765625,29090.69921875,650080000
2020-09-04,28133.310546875,28133.310546875,28539.75,27664.6796875,28341.05078125,694640000
2020-09-08,27500.890625,27500.890625,27925.23046875,27464.900390625,27925.23046875,580860000
2020-09-09,27940.470703125,27940.470703125,28206.2109375,27704.5390625,27711.7109375,460590000
2020-09-10,27534.580078125,27534.580078125,28174.779296875,27447.080078125,28022.509765625,442850000
2020-09-11,27665.640625,27665.640625,27828.8203125,27448.150390625,27613.859375,435330000
2020-09-14,27993.330078125,27993.330078125,28086.060546875,27718.740234375,27718.740234375,380750000
2020-09-15,27995.599609375,27995.599609375,28231.060546875,27931.44921875,28139.759765625,414520000
2020-09-16,28032.380859375,28032.380859375,28364.76953125,28021.669921875,28031.689453125,416650000
2020-09-17,27901.98046875,27901.98046875,28056.7890625,27647.9296875,27834.1796875,437230000
2020-09-18,27657.419921875,27657.419921875,27946.689453125,27487.970703125,27864.869140625,698710000
2020-09-21,27147.69921875,27147.69921875,27484.7109375,26715.150390625,27484.7109375,523660000
2020-09-22,27288.1796875,27288.1796875,27333.08984375,26989.9296875,27170.33984375,420720000
2020-09-23,26763.130859375,26763.130859375,27464.4609375,26716.119140625,27413.599609375,459470000
2020-09-24,26815.439453125,26815.439453125,27094.849609375,26537.009765625,26716.08984375,447810000
2020-09-25,27173.9609375,27173.9609375,27239.2890625,26635.380859375,26694.509765625,388900000
2020-09-28,27584.060546875,27584.060546875,27722.599609375,27362.140625,27362.140625,401860000
2020-09-29,27452.66015625,27452.66015625,27605.599609375,27338.08984375,27560.240234375,303820000
2020-09-30,27781.69921875,27781.69921875,28026.330078125,27511.060546875,27514.640625,452550000
2020-10-01,27816.900390625,27816.900390625,28041.4609375,27669.259765625,27940.630859375,373450000
2020-10-02,27682.810546875,27682.810546875,27861.4296875,27382.939453125,27536.390625,392770000
2020-10-05,28148.640625,28148.640625,28162.640625,27825.419921875,27825.419921875,318210000
2020-10-06,27772.759765625,27772.759765625,28354.48046875,27728.029296875,28214.240234375,435030000
2020-10-07,28303.4609375,28303.4609375,28369.66015625,27971.359375,27971.359375,328750000
2020-10-08,28425.509765625,28425.509765625,28459.130859375,28265.560546875,28348.859375,314750000
2020-10-09,28586.900390625,28586.900390625,28676.2890625,28440.630859375,28533.609375,324050000
2020-10-12,28837.51953125,28837.51953125,28957.900390625,28659.669921875,28671.119140625,493680000
2020-10-13,28679.810546875,28679.810546875,28808.83984375,28604.349609375,28764.94921875,526110000
2020-10-14,28514.0,28514.0,28792.560546875,28461.73046875,28731.30078125,370800000
2020-10-15,28494.19921875,28494.19921875,28535.849609375,28181.5390625,28323.400390625,328940000
2020-10-16,28606.310546875,28606.310546875,28842.900390625,28570.720703125,28570.720703125,356140000
2020-10-19,28195.419921875,28195.419921875,28711.9296875,28139.400390625,28633.55078125,358700000
2020-10-20,28308.7890625,28308.7890625,28575.029296875,28243.0390625,28245.849609375,350220000
2020-10-21,28210.8203125,28210.8203125,28450.640625,28196.390625,28270.66015625,299420000
2020-10-22,28363.66015625,28363.66015625,28421.310546875,28040.1796875,28197.419921875,330320000
2020-10-23,28335.5703125,28335.5703125,28436.51953125,28149.8203125,28409.650390625,347300000
2020-10-26,27685.380859375,27685.380859375,28185.8203125,27370.16015625,28185.8203125,404150000
2020-10-27,27463.189453125,27463.189453125,27707.689453125,27457.9609375,27651.1796875,366400000
2020-10-28,26519.94921875,26519.94921875,27102.140625,26497.390625,27102.140625,496150000
2020-10-29,26659.109375,26659.109375,26891.890625,26290.779296875,26480.98046875,419770000
2020-10-30,26501.599609375,26501.599609375,26639.1796875,26143.76953125,26572.26953125,504820000
2020-11-02,26925.05078125,26925.05078125,27043.48046875,26691.279296875,26691.279296875,379990000
2020-11-03,27480.029296875,27480.029296875,27640.2109375,27138.689453125,27138.689453125,350980000
2020-11-04,27847.66015625,27847.66015625,28301.5,27512.830078125,27512.830078125,447860000
2020-11-05,28390.1796875,28390.1796875,28495.05078125,28083.369140625,28083.369140625,390140000
2020-11-06,28323.400390625,28323.400390625,28431.9609375,28189.5,28399.130859375,326710000
2020-11-09,29157.970703125,29157.970703125,29933.830078125,29130.66015625,29467.900390625,673310000
2020-11-10,29420.919921875,29420.919921875,29478.859375,29126.990234375,29254.169921875,526980000
2020-11-11,29397.630859375,29397.630859375,29593.109375,29281.220703125,29524.349609375,376700000
2020-11-12,29080.169921875,29080.169921875,29311.830078125,28902.130859375,29231.91015625,369320000
2020-11-13,29479.810546875,29479.810546875,29559.25,29203.900390625,29203.900390625,348810000
2020-11-16,29950.439453125,29950.439453125,29964.2890625,29672.359375,29672.359375,418290000
2020-11-17,29783.349609375,29783.349609375,29872.419921875,29520.2890625,29800.150390625,372380000
2020-11-18,29438.419921875,29438.419921875,29930.849609375,29432.83984375,29875.400390625,382850000
2020-11-19,29483.23046875,29483.23046875,29524.900390625,29228.380859375,29370.919921875,331330000
2020-11-20,29263.48046875,29263.48046875,29469.890625,29231.19921875,29437.5703125,305350000
2020-11-23,29591.26953125,29591.26953125,29667.75,29332.8203125,29332.8203125,387200000
2020-11-24,30046.240234375,30046.240234375,30116.509765625,29746.109375,29746.109375,432760000
2020-11-25,29872.470703125,29872.470703125,30058.869140625,29806.25,30058.869140625,323030000
2020-11-27,29910.369140625,29910.369140625,30015.130859375,29819.98046875,29911.330078125,177040000
2020-11-30,29638.640625,29638.640625,29854.509765625,29463.640625,29854.509765625,551350000
2020-12-01,29823.919921875,29823.919921875,30083.310546875,29797.5,29797.5,429510000
2020-12-02,29883.7890625,29883.7890625,29902.509765625,29599.2890625,29695.08984375,385280000
2020-12-03,29969.51953125,29969.51953125,30110.880859375,29877.26953125,29920.830078125,405680000
2020-12-04,30218.259765625,30218.259765625,30218.259765625,29989.560546875,29989.560546875,356590000
2020-12-07,30069.7890625,30069.7890625,30233.029296875,29967.220703125,30233.029296875,365810000
2020-12-08,30173.880859375,30173.880859375,30246.220703125,29972.0703125,29997.94921875,311190000
2020-12-09,30068.810546875,30068.810546875,30319.69921875,29951.849609375,30229.810546875,380520000
2020-12-10,29999.259765625,29999.259765625,30063.869140625,29876.8203125,30032.55078125,325550000
2020-12-11,30046.369140625,30046.369140625,30071.130859375,29820.83984375,29988.2109375,393870000
2020-12-14,29861.55078125,29861.55078125,30325.7890625,29849.150390625,30123.91015625,371980000
2020-12-15,30199.310546875,30199.310546875,30243.259765625,29894.94921875,29919.08984375,417770000
2020-12-16,30154.5390625,30154.5390625,30236.029296875,30080.109375,30191.380859375,344590000
2020-12-17,30303.369140625,30303.369140625,30323.779296875,30216.0,30216.0,345530000
2020-12-18,30179.05078125,30179.05078125,30343.58984375,30029.439453125,30314.259765625,782070000
2020-12-21,30216.44921875,30216.44921875,30304.140625,29755.529296875,30159.0,437480000
2020-12-22,30015.509765625,30015.509765625,30200.19921875,29992.890625,30200.19921875,388810000
2020-12-23,30129.830078125,30129.830078125,30292.529296875,30046.73046875,30046.73046875,274050000
2020-12-24,30199.869140625,30199.869140625,30209.669921875,30099.30078125,30155.919921875,145570000
2020-12-28,30403.970703125,30403.970703125,30525.560546875,30283.23046875,30283.23046875,302490000
2020-12-29,30335.669921875,30335.669921875,30588.7890625,30274.240234375,30492.0703125,357610000
2020-12-30,30409.560546875,30409.560546875,30525.349609375,30393.0390625,30415.08984375,291890000
2020-12-31,30606.48046875,30606.48046875,30637.470703125,30344.5,30417.640625,284470000
2021-01-04,30223.890625,30223.890625,30674.279296875,29881.8203125,30627.470703125,475080000
2021-01-05,30391.599609375,30391.599609375,30504.890625,30141.779296875,30204.25,350910000
2021-01-06,30829.400390625,30829.400390625,31022.650390625,30313.0703125,30362.779296875,500430000
2021-01-07,31041.130859375,31041.130859375,31193.400390625,30897.859375,30901.1796875,427810000
2021-01-08,31097.970703125,31097.970703125,31140.669921875,30793.26953125,31069.580078125,381150000
2021-01-11,31008.689453125,31008.689453125,31096.98046875,30832.060546875,31015.369140625,356540000
2021-01-12,31068.689453125,31068.689453125,31114.560546875,30888.759765625,31015.009765625,362620000
2021-01-13,31060.470703125,31060.470703125,31153.369140625,30992.05078125,31084.880859375,413250000
2021-01-14,30991.51953125,30991.51953125,31223.779296875,30982.240234375,31085.669921875,427810000
2021-01-15,30814.259765625,30814.259765625,30941.98046875,30612.669921875,30926.76953125,433000000
2021-01-19,30930.51953125,30930.51953125,31086.619140625,30865.029296875,30887.419921875,386400000
2021-01-20,31188.380859375,31188.380859375,31235.98046875,30997.7890625,31017.5390625,384980000
2021-01-21,31176.009765625,31176.009765625,31272.220703125,31120.919921875,31198.009765625,418780000
2021-01-22,30996.98046875,30996.98046875,31141.560546875,30908.470703125,31141.560546875,436040000
2021-01-25,30960.0,30960.0,30989.849609375,30564.060546875,30989.849609375,472890000
2021-01-26,30937.0390625,30937.0390625,31121.419921875,30921.7109375,30968.55078125,373150000
2021-01-27,30303.169921875,30303.169921875,30893.779296875,30206.91015625,30893.779296875,566470000
2021-01-28,30603.359375,30603.359375,30951.41015625,30377.189453125,30377.189453125,465140000
2021-01-29,29982.619140625,29982.619140625,30553.91015625,29856.30078125,30553.91015625,536320000
2021-02-01,30211.91015625,30211.91015625,30335.91015625,30014.970703125,30054.73046875,347060000
2021-02-02,30687.48046875,30687.48046875,30840.5390625,30276.880859375,30276.880859375,333160000
2021-02-03,30723.599609375,30723.599609375,30793.41015625,30521.310546875,30689.650390625,305590000
2021-02-04,31055.859375,31055.859375,31065.9609375,30737.779296875,30737.779296875,338330000
2021-02-05,31148.240234375,31148.240234375,31252.1796875,31083.220703125,31093.810546875,293550000
2021-02-08,31385.759765625,31385.759765625,31386.099609375,31191.19921875,31191.19921875,322250000
2021-02-09,31375.830078125,31375.830078125,31439.470703125,31245.859375,31359.880859375,308210000
2021-02-10,31437.80078125,31437.80078125,31511.439453125,31221.3203125,31428.01953125,326450000
2021-02-11,31430.69921875,31430.69921875,31543.8203125,31244.359375,31466.490234375,280320000
2021-02-12,31458.400390625,31458.400390625,31475.310546875,31347.80078125,31420.80078125,263090000
2021-02-16,31522.75,31522.75,31608.630859375,31443.48046875,31472.080078125,329210000
2021-02-17,31613.01953125,31613.01953125,31643.69921875,31338.759765625,31485.609375,343510000
2021-02-18,31493.33984375,31493.33984375,31558.599609375,31285.3203125,31558.599609375,325990000
2021-02-19,31494.3203125,31494.3203125,31647.529296875,31469.33984375,31504.130859375,353070000
2021-02-22,31521.689453125,31521.689453125,31653.48046875,31286.5703125,31381.119140625,387210000
2021-02-23,31537.349609375,31537.349609375,31653.380859375,31158.759765625,31501.890625,460410000
2021-02-24,31961.859375,31961.859375,32009.640625,31421.2890625,31499.75,410150000
2021-02-25,31402.009765625,31402.009765625,31984.76953125,31293.3203125,31955.939453125,454110000
2021-02-26,30932.369140625,30932.369140625,31450.890625,30911.369140625,31401.2890625,532250000
2021-03-01,31535.509765625,31535.509765625,31668.33984375,31065.900390625,31065.900390625,385670000
2021-03-02,31391.51953125,31391.51953125,31623.26953125,31377.16015625,31535.369140625,337270000
2021-03-03,31270.08984375,31270.08984375,31563.310546875,31260.140625,31352.9609375,409660000
2021-03-04,30924.140625,30924.140625,31461.970703125,30547.529296875,31289.009765625,537850000
2021-03-05,31496.30078125,31496.30078125,31580.330078125,30766.810546875,31029.1796875,501810000
2021-03-08,31802.439453125,31802.439453125,32148.0390625,31512.150390625,31512.150390625,496980000
2021-03-09,31832.740234375,31832.740234375,32150.3203125,31822.640625,31892.349609375,458690000
2021-03-10,32297.01953125,32297.01953125,32389.5,31906.9609375,31906.9609375,409110000
2021-03-11,32485.58984375,32485.58984375,32661.58984375,32345.69921875,32354.5,400020000
2021-03-12,32778.640625,32778.640625,32793.3203125,32462.400390625,32462.400390625,346400000
2021-03-15,32953.4609375,32953.4609375,32973.3984375,32629.75,32798.83984375,360080000
2021-03-16,32825.94921875,32825.94921875,32966.75,32778.23046875,32966.75,386370000
2021-03-17,33015.37109375,33015.37109375,33047.578125,32782.1796875,32825.51953125,391200000
2021-03-18,32862.30078125,32862.30078125,33227.78125,32831.25,32928.16015625,418480000
2021-03-19,32627.970703125,32627.970703125,32858.359375,32505.0703125,32858.359375,811890000
2021-03-22,32731.19921875,32731.19921875,32810.3515625,32512.529296875,32601.8203125,383500000
2021-03-23,32423.150390625,32423.150390625,32753.76953125,32356.279296875,32691.5,385840000
2021-03-24,32420.060546875,32420.060546875,32787.98828125,32418.150390625,32470.880859375,399390000
2021-03-25,32619.48046875,32619.48046875,32672.689453125,32071.41015625,32346.810546875,411990000
2021-03-26,33072.87890625,33072.87890625,33098.828125,32681.0703125,32681.0703125,382170000
2021-03-29,33171.37109375,33171.37109375,33259.0,32905.12890625,33087.55078125,351610000
2021-03-30,33066.9609375,33066.9609375,33170.9296875,32988.921875,33127.87890625,307510000
2021-03-31,32981.55078125,32981.55078125,33173.76953125,32980.5703125,33116.0390625,414140000
2021-04-01,33153.2109375,33153.2109375,33167.171875,32985.3515625,33054.578125,311880000
2021-04-05,33527.19140625,33527.19140625,33617.94921875,33222.37890625,33222.37890625,344270000
2021-04-06,33430.23828125,33430.23828125,33544.7890625,33380.4296875,33500.01953125,297940000
2021-04-07,33446.26171875,33446.26171875,33521.76171875,33347.9609375,33444.98046875,273440000
2021-04-08,33503.5703125,33503.5703125,33506.80078125,33342.640625,33469.890625,304040000
2021-04-09,33800.6015625,33800.6015625,33810.87109375,33526.19140625,33526.19140625,316410000
2021-04-12,33745.3984375,33745.3984375,33786.19140625,33665.5390625,33775.05859375,327370000
2021-04-13,33677.26953125,33677.26953125,33741.640625,33545.83984375,33721.16015625,324480000
2021-04-14,33730.890625,33730.890625,33911.25,33668.94921875,33668.94921875,315330000
2021-04-15,34035.98828125,34035.98828125,34068.73046875,33788.53125,33788.53125,319680000
2021-04-16,34200.671875,34200.671875,34256.75,34058.16015625,34058.16015625,343760000
2021-04-19,34077.62890625,34077.62890625,34182.37890625,33980.55859375,34182.37890625,312540000
2021-04-20,33821.30078125,33821.30078125,34034.1796875,33687.01171875,34034.1796875,350960000
2021-04-21,34137.30859375,34137.30859375,34160.33984375,33773.80078125,33808.30078125,290300000
2021-04-22,33815.8984375,33815.8984375,34126.5703125,33717.19140625,34109.87890625,344470000
2021-04-23,34043.48828125,34043.48828125,34157.5703125,33713.2890625,33804.51953125,346380000
2021-04-26,33981.5703125,33981.5703125,34148.94140625,33941.37109375,34044.23046875,279300000
2021-04-27,33984.9296875,33984.9296875,34043.98046875,33870.4609375,33932.12890625,289030000
2021-04-28,33820.37890625,33820.37890625,33946.6015625,33805.55859375,33860.4609375,335820000
2021-04-29,34060.359375,34060.359375,34087.2109375,33744.28125,33855.640625,408450000
2021-04-30,33874.8515625,33874.8515625,33988.75,33784.9609375,33988.75,374890000
